trip_id,date,platform,trip_duration_minutes,wait_time_minutes,total_time_minutes,trip_distance_km,gross_fare,platform_commission_percent,platform_fees,net_earnings,vehicle_costs,true_profit
1000,2025-05-07,Lyft,20,12,32,4.23,11.56,0.28,3.2368000000000006,8.3232,0.8460000000000001,7.4772
1001,2025-07-21,Lyft,22,7,29,21.49,30.41,0.28,8.514800000000001,21.8952,4.298,17.5972
1002,2025-06-14,Lyft,19,8,27,29.54,46.17,0.28,12.927600000000002,33.2424,5.9079999999999995,27.334400000000002
1003,2025-06-13,Lyft,22,7,29,16.79,33.77,0.28,9.455600000000002,24.3144,3.3579999999999997,20.9564
1004,2025-06-16,Lyft,21,8,29,4.5,14.01,0.28,3.9228000000000005,10.0872,0.9,9.187199999999999
1005,2025-06-14,Uber,20,6,26,2.03,11.89,0.25,2.9725,8.9175,0.4059999999999999,8.5115
1006,2025-05-01,Uber,5,2,7,23.24,37.78,0.25,9.445,28.335,4.648,23.687
1007,2025-05-14,Lyft,34,15,49,2.63,15.93,0.28,4.4604,11.4696,0.526,10.9436
1008,2025-05-29,Uber,32,4,36,10.8,27.89,0.25,6.9725,20.9175,2.16,18.7575
1009,2025-07-12,Uber,18,13,31,2.56,12.5,0.25,3.125,9.375,0.512,8.863
1010,2025-06-20,Uber,5,6,11,8.22,11.93,0.25,2.9825,8.9475,1.6440000000000001,7.3035
1011,2025-07-16,Lyft,36,13,49,29.55,43.95,0.28,12.306000000000003,31.644,5.91,25.733999999999998
1012,2025-05-22,Uber,42,9,51,25.52,37.4,0.25,9.35,28.049999999999997,5.103999999999999,22.945999999999998
1013,2025-05-18,Lyft,16,8,24,22.35,30.14,0.28,8.439200000000001,21.7008,4.470000000000001,17.230800000000002
1014,2025-06-08,Uber,6,15,21,26.49,36.42,0.25,9.105,27.315,5.298,22.017000000000003
1015,2025-05-02,Lyft,13,11,24,22.44,36.54,0.28,10.231200000000001,26.308799999999998,4.488,21.8208
1016,2025-06-07,Lyft,23,5,28,10.02,18.23,0.28,5.104400000000001,13.125599999999999,2.004,11.121599999999999
1017,2025-05-06,Lyft,25,4,29,16.76,30.94,0.28,8.663200000000002,22.2768,3.3520000000000003,18.9248
1018,2025-06-30,Uber,31,15,46,9.05,20.13,0.25,5.0325,15.0975,1.81,13.2875
1019,2025-06-18,Lyft,24,5,29,5.01,13.66,0.28,3.8248,9.8352,1.002,8.8332
1020,2025-06-11,Uber,41,14,55,27.05,50.11,0.25,12.5275,37.582499999999996,5.41,32.1725
1021,2025-05-11,Lyft,26,15,41,9.77,23.9,0.28,6.692,17.208,1.9539999999999997,15.253999999999998
1022,2025-05-13,Uber,12,6,18,14.32,26.68,0.25,6.67,20.009999999999998,2.864,17.145999999999997
1023,2025-07-13,Uber,40,13,53,4.35,15.66,0.25,3.915,11.745000000000001,0.8699999999999999,10.875000000000002
1024,2025-05-25,Uber,16,6,22,18.23,26.71,0.25,6.6775,20.0325,3.646,16.386499999999998
1025,2025-07-15,Lyft,13,2,15,25.11,35.46,0.28,9.9288,25.5312,5.022,20.5092
1026,2025-05-20,Uber,40,7,47,18.12,35.19,0.25,8.7975,26.3925,3.6239999999999997,22.7685
1027,2025-06-26,Lyft,26,10,36,16.06,34.49,0.28,9.657200000000001,24.8328,3.2119999999999997,21.6208
1028,2025-05-30,Lyft,12,6,18,13.25,19.19,0.28,5.373200000000001,13.8168,2.65,11.1668
1029,2025-05-26,Uber,19,9,28,4.87,14.06,0.25,3.515,10.545,0.974,9.571
1030,2025-05-23,Uber,9,13,22,8.4,16.92,0.25,4.23,12.690000000000001,1.6800000000000002,11.010000000000002
1031,2025-07-17,Uber,7,11,18,2.33,7.5,0.25,1.875,5.625,0.466,5.159
1032,2025-06-29,Lyft,42,12,54,3.71,15.78,0.28,4.4184,11.3616,0.742,10.619599999999998
1033,2025-05-27,Lyft,34,11,45,15.16,28.28,0.28,7.918400000000001,20.3616,3.032,17.3296
1034,2025-06-02,Uber,35,6,41,24.36,42.5,0.25,10.625,31.875,4.872,27.003
1035,2025-05-03,Lyft,5,15,20,18.2,28.79,0.28,8.061200000000001,20.7288,3.6399999999999997,17.0888
1036,2025-07-03,Uber,6,2,8,29.0,41.03,0.25,10.2575,30.7725,5.8,24.9725
1037,2025-05-14,Lyft,24,8,32,3.62,12.57,0.28,3.5196000000000005,9.0504,0.724,8.3264
1038,2025-06-14,Uber,42,9,51,6.94,19.22,0.25,4.805,14.415,1.388,13.027
1039,2025-05-23,Lyft,38,11,49,28.88,49.35,0.28,13.818000000000001,35.532,5.776,29.755999999999997
1040,2025-06-22,Uber,20,5,25,23.44,35.49,0.25,8.8725,26.6175,4.688000000000001,21.929499999999997
1041,2025-07-08,Uber,34,8,42,12.74,31.72,0.25,7.93,23.79,2.548,21.241999999999997
1042,2025-06-27,Lyft,36,4,40,10.34,25.06,0.28,7.0168,18.0432,2.068,15.9752
1043,2025-07-05,Uber,33,15,48,9.8,20.99,0.25,5.2475,15.7425,1.96,13.782499999999999
1044,2025-07-15,Lyft,30,4,34,21.61,31.82,0.28,8.909600000000001,22.9104,4.322,18.5884
1045,2025-05-07,Lyft,19,2,21,6.68,17.5,0.28,4.9,12.6,1.3359999999999999,11.264
1046,2025-06-14,Uber,39,12,51,22.91,37.07,0.25,9.2675,27.802500000000002,4.582,23.2205
1047,2025-06-25,Uber,43,4,47,22.86,37.34,0.25,9.335,28.005000000000003,4.572,23.433000000000003
1048,2025-06-11,Uber,44,5,49,16.78,38.41,0.25,9.6025,28.807499999999997,3.3560000000000003,25.451499999999996
1049,2025-06-02,Lyft,45,11,56,29.64,57.24,0.28,16.0272,41.2128,5.928,35.284800000000004
1050,2025-05-17,Uber,26,8,34,13.09,28.59,0.25,7.1475,21.4425,2.618,18.8245
1051,2025-06-22,Uber,32,14,46,13.6,25.54,0.25,6.385,19.155,2.7199999999999998,16.435000000000002
1052,2025-05-04,Uber,43,15,58,23.52,47.87,0.25,11.9675,35.902499999999996,4.704,31.198499999999996
1053,2025-05-16,Lyft,23,12,35,7.23,15.14,0.28,4.2392,10.9008,1.4460000000000002,9.4548
1054,2025-06-29,Lyft,5,2,7,26.3,30.31,0.28,8.4868,21.8232,5.26,16.563200000000002
1055,2025-05-21,Lyft,7,5,12,15.85,24.72,0.28,6.921600000000001,17.798399999999997,3.17,14.628399999999997
1056,2025-05-19,Lyft,12,12,24,9.66,20.77,0.28,5.815600000000001,14.9544,1.932,13.0224
1057,2025-06-15,Uber,14,12,26,18.1,31.82,0.25,7.955,23.865000000000002,3.62,20.245
1058,2025-07-18,Lyft,10,3,13,17.78,22.19,0.28,6.213200000000001,15.9768,3.556,12.4208
1059,2025-06-25,Lyft,5,9,14,20.91,29.49,0.28,8.257200000000001,21.232799999999997,4.182,17.050799999999995
1060,2025-05-03,Uber,24,5,29,24.39,40.04,0.25,10.01,30.03,4.878,25.152
1061,2025-05-14,Uber,31,6,37,7.48,23.39,0.25,5.8475,17.5425,1.496,16.0465
1062,2025-07-03,Lyft,45,2,47,3.41,19.44,0.28,5.443200000000001,13.9968,0.682,13.3148
1063,2025-07-13,Lyft,5,14,19,3.97,10.45,0.28,2.926,7.523999999999999,0.794,6.729999999999999
1064,2025-05-03,Lyft,7,6,13,17.91,22.34,0.28,6.2552,16.0848,3.582,12.5028
1065,2025-05-26,Uber,35,12,47,19.2,36.73,0.25,9.1825,27.5475,3.84,23.7075
1066,2025-05-11,Lyft,5,13,18,12.76,17.09,0.28,4.785200000000001,12.3048,2.5519999999999996,9.7528
1067,2025-05-21,Uber,44,9,53,27.7,46.12,0.25,11.53,34.589999999999996,5.54,29.049999999999997
1068,2025-06-11,Lyft,45,15,60,18.07,43.16,0.28,12.0848,31.075199999999995,3.614,27.461199999999995
1069,2025-05-25,Lyft,13,7,20,21.63,29.03,0.28,8.128400000000001,20.901600000000002,4.326,16.5756
1070,2025-06-28,Lyft,29,15,44,7.43,20.49,0.28,5.7372000000000005,14.752799999999997,1.486,13.266799999999996
1071,2025-06-22,Uber,32,9,41,11.14,24.67,0.25,6.1675,18.5025,2.228,16.2745
1072,2025-06-18,Uber,38,15,53,16.11,30.3,0.25,7.575,22.725,3.2219999999999995,19.503
1073,2025-06-26,Uber,6,3,9,18.78,30.51,0.25,7.6275,22.8825,3.7560000000000002,19.1265
1074,2025-05-22,Lyft,18,14,32,2.87,11.76,0.28,3.2928,8.4672,0.5740000000000001,7.8932
1075,2025-06-27,Lyft,44,5,49,6.76,24.6,0.28,6.888000000000001,17.712,1.3519999999999999,16.36
1076,2025-05-13,Uber,28,11,39,5.61,14.66,0.25,3.665,10.995000000000001,1.122,9.873000000000001
1077,2025-05-17,Lyft,10,12,22,14.49,19.41,0.28,5.434800000000001,13.9752,2.8979999999999997,11.0772
1078,2025-05-01,Uber,43,13,56,16.78,37.99,0.25,9.4975,28.4925,3.3560000000000003,25.136499999999998
1079,2025-05-25,Uber,21,5,26,9.43,20.86,0.25,5.215,15.645,1.886,13.759
1080,2025-05-24,Uber,24,15,39,3.19,15.42,0.25,3.855,11.565,0.6379999999999999,10.927
1081,2025-06-23,Lyft,6,8,14,25.56,31.38,0.28,8.7864,22.5936,5.112,17.4816
1082,2025-05-14,Lyft,36,15,51,11.2,26.9,0.28,7.532,19.368,2.2399999999999998,17.128
1083,2025-07-17,Uber,29,15,44,3.74,16.55,0.25,4.1375,12.412500000000001,0.748,11.664500000000002
1084,2025-05-02,Uber,41,14,55,17.95,34.91,0.25,8.7275,26.182499999999997,3.59,22.592499999999998
1085,2025-06-29,Lyft,19,2,21,6.96,13.75,0.28,3.8500000000000005,9.899999999999999,1.392,8.508
1086,2025-07-19,Lyft,26,13,39,13.81,23.23,0.28,6.5044,16.7256,2.762,13.9636
1087,2025-06-02,Uber,27,11,38,13.69,27.03,0.25,6.7575,20.2725,2.7379999999999995,17.5345
1088,2025-06-24,Uber,40,5,45,27.35,45.81,0.25,11.4525,34.3575,5.470000000000001,28.887500000000003
1089,2025-05-18,Uber,30,6,36,27.44,42.18,0.25,10.545,31.634999999999998,5.488,26.147
1090,2025-05-25,Lyft,31,4,35,18.07,31.38,0.28,8.7864,22.5936,3.614,18.979599999999998
1091,2025-07-10,Lyft,22,7,29,26.92,48.27,0.28,13.515600000000003,34.754400000000004,5.384,29.370400000000004
1092,2025-06-23,Lyft,20,13,33,23.23,36.16,0.28,10.1248,26.035199999999996,4.646,21.389199999999995
1093,2025-06-07,Lyft,8,9,17,7.85,13.25,0.28,3.7100000000000004,9.54,1.5699999999999998,7.969999999999999
1094,2025-05-11,Lyft,29,2,31,11.4,21.9,0.28,6.132000000000001,15.767999999999997,2.28,13.487999999999998
1095,2025-07-01,Lyft,31,12,43,18.99,34.06,0.28,9.536800000000001,24.523200000000003,3.798,20.7252
1096,2025-07-07,Lyft,36,8,44,3.52,14.33,0.28,4.0124,10.317599999999999,0.704,9.613599999999998
1097,2025-05-29,Lyft,35,6,41,27.58,40.55,0.28,11.354000000000001,29.195999999999998,5.516,23.68
1098,2025-07-07,Uber,37,11,48,19.41,37.44,0.25,9.36,28.08,3.8819999999999997,24.198
1099,2025-05-11,Uber,16,13,29,28.16,38.42,0.25,9.605,28.815,5.632,23.183
1100,2025-07-22,Uber,39,9,48,12.21,29.5,0.25,7.375,22.125,2.442,19.683
1101,2025-05-21,Lyft,13,3,16,21.2,30.64,0.28,8.5792,22.0608,4.24,17.8208
1102,2025-05-26,Lyft,19,3,22,12.29,26.19,0.28,7.3332000000000015,18.8568,2.4579999999999997,16.3988
1103,2025-07-17,Uber,35,12,47,8.99,26.0,0.25,6.5,19.5,1.798,17.701999999999998
1104,2025-07-06,Lyft,41,6,47,10.06,22.28,0.28,6.238400000000001,16.0416,2.012,14.029599999999999
1105,2025-06-17,Lyft,42,8,50,6.11,23.03,0.28,6.448400000000001,16.5816,1.222,15.359600000000002
1106,2025-05-17,Lyft,17,5,22,22.07,39.29,0.28,11.0012,28.2888,4.414,23.8748
1107,2025-05-10,Uber,29,6,35,8.74,23.53,0.25,5.8825,17.6475,1.748,15.899500000000002
1108,2025-05-29,Lyft,40,9,49,7.81,26.13,0.28,7.316400000000001,18.813599999999997,1.5619999999999998,17.251599999999996
1109,2025-05-03,Lyft,26,13,39,20.3,32.83,0.28,9.192400000000001,23.6376,4.0600000000000005,19.577599999999997
1110,2025-07-13,Uber,40,7,47,7.52,19.78,0.25,4.945,14.835,1.504,13.331000000000001
1111,2025-06-05,Lyft,7,2,9,11.4,20.14,0.28,5.639200000000001,14.5008,2.28,12.2208
1112,2025-07-07,Uber,7,7,14,15.26,25.2,0.25,6.3,18.9,3.052,15.847999999999999
1113,2025-06-28,Lyft,14,4,18,22.45,32.48,0.28,9.0944,23.385599999999997,4.49,18.895599999999995
1114,2025-07-21,Uber,45,6,51,7.67,22.27,0.25,5.5675,16.7025,1.534,15.1685
1115,2025-06-24,Uber,35,11,46,28.86,50.09,0.25,12.5225,37.5675,5.772,31.795500000000004
1116,2025-07-21,Lyft,15,6,21,19.63,28.24,0.28,7.9072000000000005,20.3328,3.926,16.406799999999997
1117,2025-06-05,Uber,15,7,22,23.38,36.03,0.25,9.0075,27.0225,4.676,22.3465
1118,2025-06-17,Lyft,33,6,39,10.1,27.01,0.28,7.562800000000001,19.447200000000002,2.02,17.427200000000003
1119,2025-06-26,Uber,40,14,54,21.86,35.98,0.25,8.995,26.985,4.372,22.613
1120,2025-05-05,Uber,12,13,25,22.21,29.55,0.25,7.3875,22.1625,4.442,17.7205
1121,2025-07-03,Uber,24,8,32,8.85,23.02,0.25,5.755,17.265,1.7699999999999998,15.495000000000001
1122,2025-06-29,Uber,18,4,22,5.68,14.18,0.25,3.545,10.635,1.136,9.499
1123,2025-06-04,Lyft,41,7,48,24.52,42.57,0.28,11.9196,30.650399999999998,4.904,25.746399999999998
1124,2025-06-29,Lyft,37,2,39,14.76,35.02,0.28,9.805600000000002,25.2144,2.952,22.2624
1125,2025-05-26,Lyft,10,14,24,11.01,15.74,0.28,4.4072000000000005,11.332799999999999,2.202,9.130799999999999
1126,2025-07-05,Uber,26,8,34,25.76,43.29,0.25,10.8225,32.4675,5.152,27.3155
1127,2025-05-11,Lyft,34,13,47,13.2,29.79,0.28,8.3412,21.4488,2.6399999999999997,18.808799999999998
1128,2025-05-05,Uber,22,8,30,9.92,22.68,0.25,5.67,17.009999999999998,1.984,15.025999999999998
1129,2025-05-25,Lyft,6,7,13,18.26,26.85,0.28,7.518000000000001,19.332,3.652,15.68
1130,2025-05-17,Uber,45,9,54,16.52,31.55,0.25,7.8875,23.6625,3.304,20.358500000000003
1131,2025-05-27,Uber,44,3,47,24.25,44.31,0.25,11.0775,33.2325,4.85,28.3825
1132,2025-05-24,Lyft,34,3,37,26.38,45.12,0.28,12.633600000000001,32.486399999999996,5.276,27.210399999999996
1133,2025-07-18,Lyft,7,5,12,23.98,33.34,0.28,9.335200000000002,24.004800000000003,4.796,19.208800000000004
1134,2025-07-02,Uber,10,9,19,15.22,21.02,0.25,5.255,15.765,3.044,12.721
1135,2025-06-24,Uber,18,3,21,5.37,12.16,0.25,3.04,9.120000000000001,1.074,8.046000000000001
1136,2025-05-02,Uber,22,14,36,19.91,29.55,0.25,7.3875,22.1625,3.9819999999999998,18.180500000000002
1137,2025-05-15,Lyft,28,8,36,9.47,21.68,0.28,6.0704,15.6096,1.8940000000000001,13.7156
1138,2025-06-30,Uber,22,6,28,23.45,32.71,0.25,8.1775,24.5325,4.6899999999999995,19.8425
1139,2025-05-31,Uber,42,9,51,23.58,42.64,0.25,10.66,31.98,4.715999999999999,27.264000000000003
1140,2025-05-08,Lyft,6,6,12,21.24,33.08,0.28,9.2624,23.8176,4.247999999999999,19.5696
1141,2025-05-05,Lyft,30,11,41,11.74,25.44,0.28,7.123200000000001,18.3168,2.348,15.968800000000002
1142,2025-05-09,Lyft,12,4,16,17.27,30.41,0.28,8.514800000000001,21.8952,3.4539999999999997,18.4412
1143,2025-05-18,Uber,32,9,41,18.09,34.47,0.25,8.6175,25.8525,3.618,22.2345
1144,2025-07-13,Uber,26,4,30,28.39,49.85,0.25,12.4625,37.3875,5.678,31.709500000000002
1145,2025-06-16,Lyft,27,7,34,11.94,22.87,0.28,6.403600000000001,16.4664,2.388,14.0784
1146,2025-05-21,Lyft,13,4,17,13.99,26.67,0.28,7.467600000000001,19.2024,2.798,16.404400000000003
1147,2025-06-01,Lyft,44,12,56,6.5,23.12,0.28,6.473600000000001,16.6464,1.3,15.3464
1148,2025-05-03,Uber,13,13,26,2.17,8.91,0.25,2.2275,6.6825,0.43399999999999994,6.2485
1149,2025-06-28,Uber,42,11,53,26.18,40.93,0.25,10.2325,30.697499999999998,5.236,25.461499999999997
1150,2025-05-30,Lyft,44,4,48,25.56,49.2,0.28,13.776000000000002,35.424,5.112,30.311999999999998
1151,2025-05-07,Lyft,29,7,36,9.45,21.5,0.28,6.0200000000000005,15.48,1.89,13.59
1152,2025-07-21,Uber,42,9,51,5.33,18.65,0.25,4.6625,13.987499999999999,1.0659999999999998,12.921499999999998
1153,2025-05-16,Lyft,16,11,27,13.07,22.25,0.28,6.23,16.02,2.614,13.405999999999999
1154,2025-07-20,Uber,44,5,49,26.7,41.88,0.25,10.47,31.410000000000004,5.34,26.070000000000004
1155,2025-05-08,Uber,30,10,40,21.5,30.69,0.25,7.6725,23.017500000000002,4.3,18.7175
1156,2025-05-04,Lyft,35,9,44,3.81,15.76,0.28,4.412800000000001,11.347199999999999,0.762,10.585199999999999
1157,2025-07-07,Uber,15,14,29,23.04,40.74,0.25,10.185,30.555,4.608,25.947
1158,2025-06-11,Uber,21,6,27,29.17,39.3,0.25,9.825,29.474999999999998,5.834,23.641
1159,2025-06-19,Uber,13,4,17,20.41,28.16,0.25,7.04,21.12,4.082,17.038
1160,2025-06-08,Uber,37,9,46,25.35,37.75,0.25,9.4375,28.3125,5.07,23.2425
1161,2025-05-23,Uber,11,6,17,9.17,15.95,0.25,3.9875,11.962499999999999,1.834,10.128499999999999
1162,2025-06-09,Lyft,40,2,42,11.98,30.19,0.28,8.4532,21.736800000000002,2.396,19.3408
1163,2025-07-06,Uber,10,3,13,18.7,32.7,0.25,8.175,24.525000000000002,3.7399999999999998,20.785000000000004
1164,2025-05-14,Lyft,45,4,49,24.84,49.41,0.28,13.8348,35.575199999999995,4.968,30.607199999999995
1165,2025-07-20,Lyft,37,12,49,3.4,17.59,0.28,4.9252,12.6648,0.6799999999999999,11.9848
1166,2025-06-22,Uber,17,10,27,8.76,15.13,0.25,3.7825,11.3475,1.7519999999999998,9.595500000000001
1167,2025-06-24,Lyft,18,6,24,29.43,47.53,0.28,13.308400000000002,34.221599999999995,5.885999999999999,28.335599999999996
1168,2025-05-11,Lyft,7,10,17,19.45,25.71,0.28,7.198800000000001,18.5112,3.8899999999999997,14.621199999999998
1169,2025-05-16,Lyft,26,4,30,4.41,14.74,0.28,4.1272,10.6128,0.882,9.7308
1170,2025-06-19,Lyft,25,14,39,27.83,41.68,0.28,11.6704,30.0096,5.565999999999999,24.4436
1171,2025-07-05,Uber,6,6,12,14.9,20.21,0.25,5.0525,15.1575,2.98,12.1775
1172,2025-07-15,Uber,10,13,23,4.18,10.19,0.25,2.5475,7.6425,0.8359999999999999,6.8065
1173,2025-05-10,Lyft,28,10,38,13.91,26.81,0.28,7.5068,19.303199999999997,2.782,16.521199999999997
1174,2025-06-16,Uber,44,10,54,9.83,24.92,0.25,6.23,18.69,1.966,16.724
1175,2025-07-06,Uber,12,12,24,23.1,35.89,0.25,8.9725,26.9175,4.62,22.2975
1176,2025-05-16,Uber,36,2,38,20.25,34.96,0.25,8.74,26.22,4.05,22.169999999999998
1177,2025-05-15,Uber,35,13,48,29.93,46.71,0.25,11.6775,35.0325,5.986,29.046499999999998
1178,2025-05-19,Uber,40,14,54,12.74,34.41,0.25,8.6025,25.807499999999997,2.548,23.259499999999996
1179,2025-06-08,Uber,33,10,43,23.72,38.79,0.25,9.6975,29.0925,4.744,24.3485
1180,2025-05-12,Lyft,26,14,40,22.62,30.56,0.28,8.5568,22.0032,4.524,17.4792
1181,2025-06-07,Uber,19,3,22,9.89,21.38,0.25,5.345,16.035,1.9780000000000002,14.057
1182,2025-06-22,Lyft,6,14,20,12.97,16.72,0.28,4.6816,12.0384,2.5940000000000003,9.444399999999998
1183,2025-06-27,Lyft,14,8,22,7.29,14.84,0.28,4.155200000000001,10.6848,1.4580000000000002,9.226799999999999
1184,2025-06-22,Lyft,41,6,47,17.43,34.21,0.28,9.578800000000001,24.6312,3.4859999999999998,21.1452
1185,2025-07-09,Lyft,5,12,17,10.82,14.93,0.28,4.180400000000001,10.7496,2.164,8.5856
1186,2025-05-14,Lyft,33,3,36,15.22,30.47,0.28,8.531600000000001,21.938399999999998,3.044,18.894399999999997
1187,2025-06-29,Uber,9,4,13,20.97,25.93,0.25,6.4825,19.447499999999998,4.194,15.253499999999999
1188,2025-07-22,Uber,12,9,21,2.66,8.36,0.25,2.09,6.27,0.532,5.7379999999999995
1189,2025-05-06,Lyft,15,14,29,28.86,43.51,0.28,12.1828,31.327199999999998,5.772,25.5552
1190,2025-06-25,Uber,16,11,27,19.08,27.05,0.25,6.7625,20.2875,3.816,16.471500000000002
1191,2025-07-11,Uber,10,14,24,8.29,17.34,0.25,4.335,13.004999999999999,1.658,11.347
1192,2025-07-03,Uber,16,2,18,21.87,29.69,0.25,7.4225,22.267500000000002,4.3740000000000006,17.893500000000003
1193,2025-05-26,Uber,18,4,22,6.01,12.62,0.25,3.155,9.465,1.202,8.263
1194,2025-06-07,Lyft,36,15,51,6.38,18.33,0.28,5.1324,13.197599999999998,1.2759999999999998,11.921599999999998
1195,2025-06-18,Lyft,45,6,51,15.93,38.69,0.28,10.8332,27.8568,3.186,24.6708
1196,2025-07-22,Lyft,39,2,41,7.15,25.93,0.28,7.260400000000001,18.6696,1.4300000000000002,17.2396
1197,2025-05-19,Uber,30,3,33,5.53,20.01,0.25,5.0025,15.0075,1.1059999999999999,13.9015
1198,2025-07-22,Uber,22,7,29,5.96,15.09,0.25,3.7725,11.317499999999999,1.192,10.125499999999999
1199,2025-05-30,Uber,43,8,51,16.99,32.04,0.25,8.01,24.03,3.3979999999999997,20.632
1200,2025-06-24,Uber,24,5,29,7.31,17.7,0.25,4.425,13.274999999999999,1.4619999999999997,11.812999999999999
1201,2025-06-19,Uber,6,15,21,29.53,46.26,0.25,11.565,34.695,5.906000000000001,28.789
1202,2025-05-31,Uber,41,12,53,10.06,25.41,0.25,6.3525,19.0575,2.012,17.0455
1203,2025-05-13,Lyft,9,11,20,28.88,38.1,0.28,10.668000000000001,27.432000000000002,5.776,21.656000000000002
1204,2025-05-25,Lyft,14,8,22,21.68,36.8,0.28,10.304,26.495999999999995,4.336,22.159999999999997
1205,2025-06-30,Uber,40,8,48,14.08,29.91,0.25,7.4775,22.4325,2.816,19.616500000000002
1206,2025-06-08,Lyft,30,13,43,14.38,23.89,0.28,6.6892000000000005,17.2008,2.8760000000000003,14.3248
1207,2025-07-15,Uber,27,11,38,26.31,36.57,0.25,9.1425,27.427500000000002,5.262,22.1655
1208,2025-05-09,Uber,10,12,22,10.54,18.53,0.25,4.6325,13.8975,2.1079999999999997,11.7895
1209,2025-05-26,Uber,15,15,30,20.93,29.68,0.25,7.42,22.259999999999998,4.186,18.073999999999998
1210,2025-06-10,Uber,19,13,32,16.08,31.86,0.25,7.965,23.895,3.2159999999999997,20.679
1211,2025-06-11,Uber,40,9,49,2.52,15.55,0.25,3.8875,11.662500000000001,0.504,11.158500000000002
1212,2025-07-01,Uber,31,11,42,6.65,22.51,0.25,5.6275,16.8825,1.33,15.5525
1213,2025-05-01,Uber,38,13,51,17.95,33.77,0.25,8.4425,25.3275,3.59,21.7375
1214,2025-05-21,Uber,44,2,46,8.16,27.8,0.25,6.95,20.85,1.6320000000000001,19.218
1215,2025-06-29,Uber,9,10,19,29.03,39.04,0.25,9.76,29.28,5.806,23.474
1216,2025-06-07,Lyft,6,13,19,21.84,34.84,0.28,9.755200000000002,25.0848,4.368,20.7168
1217,2025-07-05,Lyft,32,9,41,26.38,48.24,0.28,13.507200000000001,34.7328,5.276,29.456799999999998
1218,2025-07-17,Uber,25,13,38,26.23,44.29,0.25,11.0725,33.2175,5.246,27.9715
1219,2025-05-23,Lyft,31,2,33,28.94,54.02,0.28,15.125600000000002,38.894400000000005,5.788,33.10640000000001
1220,2025-05-28,Lyft,32,9,41,13.2,25.82,0.28,7.2296000000000005,18.5904,2.6399999999999997,15.950399999999998
1221,2025-06-13,Uber,27,5,32,25.47,44.88,0.25,11.22,33.660000000000004,5.093999999999999,28.566000000000003
1222,2025-06-26,Uber,33,6,39,15.11,27.14,0.25,6.785,20.355,3.022,17.333000000000002
1223,2025-06-08,Uber,19,15,34,21.4,30.01,0.25,7.5025,22.5075,4.279999999999999,18.2275
1224,2025-07-12,Uber,39,5,44,23.35,43.89,0.25,10.9725,32.917500000000004,4.67,28.247500000000002
1225,2025-06-07,Lyft,17,11,28,4.54,14.11,0.28,3.9508,10.159199999999998,0.9079999999999999,9.251199999999999
1226,2025-05-29,Uber,25,5,30,8.45,16.29,0.25,4.0725,12.2175,1.6899999999999997,10.5275
1227,2025-05-11,Uber,23,15,38,5.35,14.22,0.25,3.555,10.665000000000001,1.0699999999999998,9.595
1228,2025-05-09,Lyft,14,9,23,17.99,25.01,0.28,7.0028000000000015,18.0072,3.598,14.409200000000002
1229,2025-06-27,Lyft,36,11,47,27.54,42.18,0.28,11.810400000000001,30.3696,5.507999999999999,24.8616
1230,2025-07-22,Lyft,27,8,35,15.11,23.97,0.28,6.711600000000001,17.258399999999998,3.022,14.236399999999998
1231,2025-06-18,Uber,13,10,23,18.83,24.16,0.25,6.04,18.12,3.766,14.354000000000001
1232,2025-05-15,Lyft,44,14,58,19.32,36.61,0.28,10.250800000000002,26.359199999999998,3.864,22.495199999999997
1233,2025-07-03,Lyft,20,8,28,19.76,33.48,0.28,9.3744,24.105599999999995,3.952,20.153599999999997
1234,2025-07-09,Uber,28,3,31,8.5,18.98,0.25,4.745,14.235,1.7000000000000002,12.535
1235,2025-07-21,Uber,29,3,32,17.66,26.73,0.25,6.6825,20.0475,3.532,16.5155
1236,2025-07-11,Uber,40,8,48,17.6,31.48,0.25,7.87,23.61,3.5200000000000005,20.09
1237,2025-05-08,Lyft,17,11,28,21.74,28.16,0.28,7.884800000000001,20.275199999999998,4.347999999999999,15.9272
1238,2025-06-25,Lyft,21,12,33,19.1,33.18,0.28,9.2904,23.8896,3.8200000000000003,20.0696
1239,2025-06-07,Uber,12,13,25,8.85,16.01,0.25,4.0025,12.0075,1.7699999999999998,10.2375
1240,2025-05-19,Lyft,5,15,20,5.84,10.41,0.28,2.9148000000000005,7.4952,1.168,6.3271999999999995
1241,2025-06-20,Lyft,22,13,35,19.09,26.19,0.28,7.3332000000000015,18.8568,3.818,15.0388
1242,2025-07-01,Uber,43,11,54,19.9,32.45,0.25,8.1125,24.337500000000002,3.9799999999999995,20.3575
1243,2025-05-30,Uber,14,14,28,26.4,35.77,0.25,8.9425,26.8275,5.279999999999999,21.5475
1244,2025-05-18,Lyft,28,14,42,15.49,30.93,0.28,8.660400000000001,22.269599999999997,3.098,19.171599999999998
1245,2025-07-22,Uber,24,10,34,5.86,16.8,0.25,4.2,12.600000000000001,1.1720000000000002,11.428
1246,2025-05-30,Lyft,30,8,38,23.96,35.31,0.28,9.886800000000001,25.4232,4.792,20.6312
1247,2025-05-17,Lyft,13,2,15,14.03,23.52,0.28,6.5856,16.9344,2.806,14.1284
1248,2025-05-06,Uber,21,4,25,22.37,40.01,0.25,10.0025,30.0075,4.474,25.5335
1249,2025-06-10,Lyft,40,8,48,4.64,19.17,0.28,5.367600000000001,13.8024,0.9279999999999999,12.874400000000001
1250,2025-05-08,Lyft,28,8,36,25.11,46.6,0.28,13.048000000000002,33.552,5.022,28.53
1251,2025-06-08,Lyft,25,7,32,3.5,14.06,0.28,3.9368000000000003,10.1232,0.7,9.423200000000001
1252,2025-05-07,Uber,42,9,51,3.4,17.61,0.25,4.4025,13.2075,0.6799999999999999,12.5275
1253,2025-07-05,Lyft,12,8,20,17.34,31.7,0.28,8.876000000000001,22.823999999999998,3.468,19.355999999999998
1254,2025-05-08,Uber,24,4,28,7.75,17.43,0.25,4.3575,13.0725,1.5499999999999998,11.5225
1255,2025-07-09,Uber,37,12,49,3.91,20.51,0.25,5.1275,15.3825,0.782,14.6005
1256,2025-06-19,Lyft,45,3,48,29.44,53.87,0.28,15.0836,38.7864,5.888,32.8984
1257,2025-05-09,Lyft,26,12,38,24.45,41.39,0.28,11.589200000000002,29.8008,4.89,24.9108
1258,2025-07-09,Lyft,40,6,46,20.85,44.57,0.28,12.479600000000001,32.0904,4.17,27.9204
1259,2025-06-07,Uber,13,15,28,14.18,22.91,0.25,5.7275,17.1825,2.8360000000000003,14.3465
1260,2025-05-24,Uber,7,12,19,7.87,13.86,0.25,3.465,10.395,1.574,8.821
1261,2025-05-29,Lyft,14,8,22,10.87,21.27,0.28,5.9556000000000004,15.3144,2.1739999999999995,13.1404
1262,2025-06-15,Lyft,30,12,42,4.27,14.91,0.28,4.1748,10.735199999999999,0.8539999999999999,9.8812
1263,2025-06-01,Lyft,44,7,51,7.71,25.75,0.28,7.210000000000001,18.54,1.5419999999999998,16.997999999999998
1264,2025-05-14,Lyft,26,7,33,17.51,36.58,0.28,10.2424,26.3376,3.502,22.8356
1265,2025-05-21,Uber,35,7,42,7.29,17.6,0.25,4.4,13.200000000000001,1.4580000000000002,11.742
1266,2025-06-02,Uber,40,11,51,19.04,38.44,0.25,9.61,28.83,3.808,25.022
1267,2025-06-11,Lyft,6,9,15,4.35,7.99,0.28,2.2372,5.752800000000001,0.8699999999999999,4.8828000000000005
1268,2025-06-25,Lyft,40,13,53,26.8,44.33,0.28,12.4124,31.9176,5.359999999999999,26.5576
1269,2025-05-01,Lyft,45,11,56,8.99,22.25,0.28,6.23,16.02,1.798,14.222
1270,2025-06-03,Lyft,13,4,17,19.16,34.22,0.28,9.5816,24.638399999999997,3.832,20.806399999999996
1271,2025-05-13,Uber,25,3,28,24.22,38.98,0.25,9.745,29.235,4.843999999999999,24.391
1272,2025-06-11,Lyft,12,15,27,12.28,24.23,0.28,6.784400000000001,17.4456,2.4559999999999995,14.9896
1273,2025-05-23,Lyft,24,15,39,4.93,14.19,0.28,3.9732000000000003,10.2168,0.9859999999999999,9.230799999999999
1274,2025-07-12,Uber,29,8,37,2.35,11.75,0.25,2.9375,8.8125,0.47,8.3425
1275,2025-06-18,Uber,16,13,29,9.08,17.18,0.25,4.295,12.885,1.8159999999999998,11.068999999999999
1276,2025-05-14,Uber,22,15,37,8.14,20.17,0.25,5.0425,15.127500000000001,1.6280000000000001,13.499500000000001
1277,2025-06-10,Lyft,5,10,15,20.34,29.55,0.28,8.274000000000001,21.276,4.068,17.208
1278,2025-05-22,Lyft,7,6,13,29.88,45.11,0.28,12.6308,32.4792,5.976,26.5032
1279,2025-06-30,Uber,7,5,12,2.9,9.06,0.25,2.265,6.795,0.58,6.215
1280,2025-07-14,Uber,5,6,11,11.19,14.91,0.25,3.7275,11.182500000000001,2.238,8.944500000000001
1281,2025-06-02,Uber,22,13,35,22.17,38.21,0.25,9.5525,28.6575,4.434,24.223499999999998
1282,2025-06-07,Lyft,28,10,38,26.13,40.04,0.28,11.211200000000002,28.828799999999998,5.225999999999999,23.6028
1283,2025-06-21,Lyft,16,6,22,10.25,22.48,0.28,6.2944,16.1856,2.05,14.1356
1284,2025-07-07,Uber,40,10,50,3.35,19.1,0.25,4.775,14.325000000000001,0.6699999999999999,13.655000000000001
1285,2025-07-08,Uber,27,3,30,25.78,47.11,0.25,11.7775,35.332499999999996,5.156000000000001,30.176499999999997
1286,2025-05-12,Lyft,39,10,49,22.47,43.42,0.28,12.157600000000002,31.2624,4.494,26.7684
1287,2025-07-03,Lyft,33,6,39,18.28,35.17,0.28,9.847600000000002,25.322400000000002,3.656,21.666400000000003
1288,2025-07-07,Lyft,31,14,45,13.83,26.84,0.28,7.515200000000001,19.3248,2.766,16.558799999999998
1289,2025-06-08,Lyft,31,12,43,28.52,51.54,0.28,14.4312,37.1088,5.704,31.4048
1290,2025-05-23,Lyft,12,15,27,13.95,23.57,0.28,6.599600000000001,16.970399999999998,2.79,14.180399999999999
1291,2025-07-08,Uber,38,4,42,25.54,44.34,0.25,11.085,33.255,5.1080000000000005,28.147000000000002
1292,2025-06-02,Lyft,43,7,50,21.95,43.99,0.28,12.317200000000001,31.672800000000002,4.39,27.2828
1293,2025-06-21,Uber,34,12,46,17.47,32.92,0.25,8.23,24.69,3.4939999999999998,21.196
1294,2025-07-22,Uber,15,5,20,27.68,39.28,0.25,9.82,29.46,5.536,23.924
1295,2025-06-25,Lyft,21,13,34,20.49,35.26,0.28,9.8728,25.3872,4.098,21.2892
1296,2025-06-25,Uber,32,10,42,11.2,25.95,0.25,6.4875,19.4625,2.2399999999999998,17.2225
1297,2025-07-04,Uber,13,11,24,25.83,35.1,0.25,8.775,26.325000000000003,5.1659999999999995,21.159000000000002
1298,2025-06-12,Uber,42,10,52,2.21,16.19,0.25,4.0475,12.142500000000002,0.442,11.700500000000002
1299,2025-07-06,Uber,24,7,31,6.71,19.44,0.25,4.86,14.580000000000002,1.342,13.238000000000001
1300,2025-06-28,Lyft,41,10,51,19.74,36.31,0.28,10.166800000000002,26.1432,3.9479999999999995,22.1952
1301,2025-06-20,Lyft,37,12,49,20.19,38.78,0.28,10.858400000000001,27.921599999999998,4.038,23.883599999999998
1302,2025-05-31,Lyft,10,15,25,22.59,38.32,0.28,10.729600000000001,27.5904,4.518,23.0724
1303,2025-06-01,Uber,14,5,19,2.69,8.45,0.25,2.1125,6.3374999999999995,0.538,5.799499999999999
1304,2025-07-19,Lyft,12,10,22,24.59,40.65,0.28,11.382000000000001,29.267999999999997,4.918,24.349999999999998
1305,2025-06-13,Uber,30,7,37,19.69,28.83,0.25,7.2075,21.6225,3.938,17.6845
1306,2025-06-15,Lyft,39,9,48,9.2,22.4,0.28,6.272,16.128,1.8399999999999999,14.288
1307,2025-06-17,Uber,30,11,41,11.87,24.29,0.25,6.0725,18.2175,2.3739999999999997,15.843500000000002
1308,2025-06-05,Uber,31,4,35,15.08,27.12,0.25,6.78,20.34,3.016,17.323999999999998
1309,2025-06-07,Lyft,41,15,56,19.25,43.79,0.28,12.2612,31.528799999999997,3.85,27.678799999999995
1310,2025-05-16,Uber,33,10,43,10.88,27.79,0.25,6.9475,20.8425,2.176,18.6665
1311,2025-06-01,Lyft,44,4,48,4.0,18.14,0.28,5.079200000000001,13.0608,0.8,12.2608
1312,2025-06-20,Lyft,13,9,22,3.98,11.08,0.28,3.1024000000000003,7.9776,0.796,7.1815999999999995
1313,2025-05-01,Uber,17,3,20,17.07,23.64,0.25,5.91,17.73,3.414,14.316
1314,2025-05-20,Lyft,19,12,31,23.92,36.67,0.28,10.267600000000002,26.4024,4.784000000000001,21.6184
1315,2025-07-02,Lyft,21,7,28,24.13,43.18,0.28,12.0904,31.089599999999997,4.826,26.263599999999997
1316,2025-07-11,Uber,25,12,37,10.91,23.34,0.25,5.835,17.505,2.182,15.322999999999999
1317,2025-07-08,Uber,21,8,29,19.32,26.81,0.25,6.7025,20.107499999999998,3.864,16.243499999999997
1318,2025-06-08,Uber,16,14,30,28.37,44.44,0.25,11.11,33.33,5.6739999999999995,27.656
1319,2025-06-21,Lyft,13,12,25,26.89,32.8,0.28,9.184,23.616,5.378,18.238
1320,2025-05-29,Lyft,42,14,56,20.06,37.27,0.28,10.435600000000003,26.834400000000002,4.012,22.822400000000002
1321,2025-05-17,Uber,14,2,16,9.23,15.82,0.25,3.955,11.865,1.846,10.019
1322,2025-05-23,Uber,23,4,27,2.35,12.04,0.25,3.01,9.03,0.47,8.559999999999999
1323,2025-05-27,Uber,32,14,46,3.48,13.85,0.25,3.4625,10.3875,0.696,9.6915
1324,2025-06-24,Uber,31,14,45,22.44,38.42,0.25,9.605,28.815,4.488,24.327
1325,2025-05-13,Lyft,34,8,42,8.63,19.37,0.28,5.4236,13.9464,1.7260000000000002,12.2204
1326,2025-05-09,Uber,32,13,45,20.48,36.23,0.25,9.0575,27.1725,4.096,23.0765
1327,2025-07-11,Uber,27,9,36,19.61,36.75,0.25,9.1875,27.5625,3.9219999999999997,23.6405
1328,2025-05-25,Lyft,42,15,57,7.95,22.26,0.28,6.232800000000001,16.0272,1.5899999999999999,14.4372
1329,2025-05-11,Uber,6,6,12,25.98,32.58,0.25,8.145,24.435,5.196,19.238999999999997
1330,2025-07-20,Lyft,21,4,25,19.63,29.54,0.28,8.2712,21.2688,3.926,17.342799999999997
1331,2025-07-14,Uber,37,3,40,24.18,34.55,0.25,8.6375,25.912499999999998,4.836,21.076499999999996
1332,2025-05-25,Uber,40,14,54,22.76,37.77,0.25,9.4425,28.3275,4.5520000000000005,23.7755
1333,2025-05-19,Uber,32,10,42,10.57,23.45,0.25,5.8625,17.5875,2.114,15.473499999999998
1334,2025-05-21,Lyft,41,13,54,14.57,31.52,0.28,8.825600000000001,22.694399999999998,2.9139999999999997,19.7804
1335,2025-07-06,Lyft,8,3,11,24.91,29.49,0.28,8.257200000000001,21.232799999999997,4.982,16.250799999999998
1336,2025-05-14,Uber,12,6,18,15.93,28.62,0.25,7.155,21.465,3.186,18.279
1337,2025-06-04,Lyft,42,8,50,21.37,35.43,0.28,9.9204,25.5096,4.274,21.235599999999998
1338,2025-05-18,Uber,13,7,20,2.26,10.02,0.25,2.505,7.515,0.45199999999999996,7.063
1339,2025-06-26,Uber,44,2,46,15.73,39.45,0.25,9.8625,29.587500000000002,3.146,26.4415
1340,2025-06-27,Lyft,24,11,35,29.3,47.61,0.28,13.330800000000002,34.279199999999996,5.86,28.419199999999996
1341,2025-05-12,Lyft,45,7,52,3.28,20.21,0.28,5.658800000000001,14.5512,0.6559999999999999,13.895199999999999
1342,2025-06-24,Lyft,11,15,26,29.55,47.54,0.28,13.311200000000001,34.2288,5.91,28.3188
1343,2025-07-16,Lyft,27,8,35,27.19,41.14,0.28,11.519200000000001,29.6208,5.438000000000001,24.1828
1344,2025-05-27,Uber,41,3,44,22.7,36.7,0.25,9.175,27.525000000000002,4.54,22.985000000000003
1345,2025-05-25,Lyft,8,4,12,5.37,10.28,0.28,2.8784,7.401599999999999,1.074,6.3275999999999994
1346,2025-06-04,Lyft,30,15,45,3.68,14.23,0.28,3.9844000000000004,10.2456,0.736,9.509599999999999
1347,2025-05-30,Uber,7,14,21,9.5,13.31,0.25,3.3275,9.9825,1.9,8.0825
1348,2025-07-04,Lyft,13,8,21,17.53,22.57,0.28,6.3196,16.2504,3.5060000000000002,12.744399999999999
1349,2025-05-20,Lyft,26,9,35,12.17,24.8,0.28,6.944000000000001,17.856,2.434,15.422
1350,2025-07-06,Lyft,16,11,27,16.75,27.04,0.28,7.5712,19.468799999999998,3.3499999999999996,16.1188
1351,2025-05-17,Uber,7,5,12,17.47,21.91,0.25,5.4775,16.4325,3.4939999999999998,12.938500000000001
1352,2025-06-21,Uber,40,4,44,16.02,37.85,0.25,9.4625,28.387500000000003,3.2039999999999997,25.183500000000002
1353,2025-07-09,Uber,8,4,12,25.61,36.95,0.25,9.2375,27.712500000000002,5.122,22.590500000000002
1354,2025-05-04,Lyft,19,15,34,6.43,16.63,0.28,4.6564000000000005,11.973599999999998,1.286,10.687599999999998
1355,2025-06-27,Uber,19,14,33,6.13,13.61,0.25,3.4025,10.2075,1.226,8.9815
1356,2025-07-04,Lyft,22,9,31,8.69,21.14,0.28,5.919200000000001,15.2208,1.738,13.482800000000001
1357,2025-05-27,Lyft,7,3,10,14.41,20.56,0.28,5.7568,14.803199999999999,2.8819999999999997,11.921199999999999
1358,2025-05-14,Lyft,39,7,46,6.31,21.61,0.28,6.050800000000001,15.559199999999999,1.262,14.297199999999998
1359,2025-06-21,Lyft,11,2,13,14.06,25.22,0.28,7.0616,18.1584,2.8120000000000003,15.3464
1360,2025-06-09,Lyft,33,8,41,4.36,18.14,0.28,5.079200000000001,13.0608,0.8720000000000001,12.1888
1361,2025-05-22,Uber,42,4,46,5.33,18.21,0.25,4.5525,13.6575,1.0659999999999998,12.5915
1362,2025-07-15,Uber,33,3,36,25.5,35.55,0.25,8.8875,26.662499999999998,5.1,21.5625
1363,2025-06-15,Lyft,29,6,35,13.58,23.3,0.28,6.524000000000001,16.776,2.716,14.059999999999999
1364,2025-05-03,Uber,11,14,25,29.11,38.6,0.25,9.65,28.950000000000003,5.822,23.128000000000004
1365,2025-06-30,Lyft,43,10,53,3.81,15.74,0.28,4.4072000000000005,11.332799999999999,0.762,10.570799999999998
1366,2025-05-07,Lyft,18,3,21,15.65,25.33,0.28,7.0924000000000005,18.237599999999997,3.13,15.107599999999998
1367,2025-07-01,Uber,41,4,45,12.09,26.37,0.25,6.5925,19.7775,2.418,17.3595
1368,2025-05-25,Uber,26,3,29,4.44,15.15,0.25,3.7875,11.3625,0.8880000000000001,10.4745
1369,2025-05-07,Uber,37,13,50,25.59,41.91,0.25,10.4775,31.432499999999997,5.118,26.314499999999995
1370,2025-07-13,Uber,45,9,54,9.88,26.25,0.25,6.5625,19.6875,1.976,17.7115
1371,2025-07-22,Uber,31,12,43,15.67,32.75,0.25,8.1875,24.5625,3.134,21.4285
1372,2025-06-09,Uber,20,8,28,29.59,50.73,0.25,12.6825,38.0475,5.917999999999999,32.1295
1373,2025-05-13,Uber,45,3,48,5.85,22.65,0.25,5.6625,16.987499999999997,1.17,15.817499999999997
1374,2025-06-21,Uber,21,5,26,28.65,42.32,0.25,10.58,31.740000000000002,5.7299999999999995,26.01
1375,2025-05-13,Uber,36,10,46,11.46,30.31,0.25,7.5775,22.732499999999998,2.292,20.4405
1376,2025-06-16,Lyft,14,6,20,13.01,23.99,0.28,6.7172,17.272799999999997,2.602,14.670799999999996
1377,2025-06-06,Uber,15,6,21,21.83,36.86,0.25,9.215,27.645,4.366,23.279
1378,2025-05-26,Uber,7,7,14,14.36,24.3,0.25,6.075,18.225,2.872,15.353000000000002
1379,2025-05-28,Uber,19,3,22,24.19,31.14,0.25,7.785,23.355,4.838,18.517
1380,2025-07-06,Uber,38,14,52,12.21,29.6,0.25,7.4,22.200000000000003,2.442,19.758000000000003
1381,2025-05-06,Lyft,17,14,31,25.37,37.66,0.28,10.5448,27.115199999999994,5.074,22.041199999999996
1382,2025-06-12,Lyft,28,7,35,24.07,41.88,0.28,11.726400000000002,30.1536,4.814,25.3396
1383,2025-05-30,Uber,7,14,21,7.09,14.69,0.25,3.6725,11.0175,1.4180000000000001,9.599499999999999
1384,2025-06-15,Uber,13,15,28,17.05,22.27,0.25,5.5675,16.7025,3.41,13.2925
1385,2025-05-31,Lyft,25,14,39,7.75,20.68,0.28,5.790400000000001,14.889599999999998,1.5499999999999998,13.339599999999997
1386,2025-05-08,Lyft,43,8,51,24.6,42.49,0.28,11.897200000000002,30.5928,4.92,25.672800000000002
1387,2025-06-15,Uber,32,4,36,20.72,34.89,0.25,8.7225,26.1675,4.144,22.0235
1388,2025-07-07,Uber,32,9,41,4.32,15.78,0.25,3.945,11.834999999999999,0.864,10.970999999999998
1389,2025-05-28,Lyft,14,10,24,17.07,24.03,0.28,6.728400000000001,17.3016,3.414,13.8876
1390,2025-06-22,Uber,12,14,26,5.14,13.33,0.25,3.3325,9.9975,1.028,8.9695
1391,2025-05-15,Uber,37,14,51,5.02,18.29,0.25,4.5725,13.7175,1.004,12.7135
1392,2025-07-03,Uber,13,2,15,13.82,20.57,0.25,5.1425,15.4275,2.7640000000000002,12.663499999999999
1393,2025-05-17,Lyft,7,15,22,28.07,35.93,0.28,10.060400000000001,25.8696,5.614,20.255599999999998
1394,2025-05-03,Lyft,15,4,19,19.81,29.53,0.28,8.268400000000002,21.2616,3.9619999999999997,17.2996
1395,2025-07-11,Lyft,21,6,27,20.71,33.95,0.28,9.506000000000002,24.444000000000003,4.1419999999999995,20.302000000000003
1396,2025-05-11,Uber,16,7,23,21.36,36.78,0.25,9.195,27.585,4.272,23.313000000000002
1397,2025-07-10,Lyft,43,3,46,28.52,44.16,0.28,12.3648,31.795199999999994,5.704,26.091199999999994
1398,2025-05-25,Lyft,24,3,27,9.85,17.92,0.28,5.017600000000001,12.9024,1.97,10.9324
1399,2025-06-09,Uber,41,13,54,2.6,19.49,0.25,4.8725,14.6175,0.52,14.0975
1400,2025-07-20,Lyft,20,8,28,27.89,36.55,0.28,10.234,26.315999999999995,5.578,20.737999999999996
1401,2025-05-03,Lyft,38,7,45,9.63,21.68,0.28,6.0704,15.6096,1.9260000000000002,13.6836
1402,2025-06-27,Lyft,35,12,47,18.15,31.68,0.28,8.8704,22.8096,3.63,19.1796
1403,2025-07-18,Uber,36,8,44,21.35,43.34,0.25,10.835,32.505,4.2700000000000005,28.235000000000003
1404,2025-06-01,Lyft,19,11,30,12.58,22.72,0.28,6.3616,16.3584,2.516,13.8424
1405,2025-06-28,Lyft,10,13,23,4.91,13.52,0.28,3.7856,9.734399999999999,0.982,8.7524
1406,2025-05-01,Uber,17,13,30,2.3,8.43,0.25,2.1075,6.3225,0.45999999999999996,5.8625
1407,2025-06-28,Uber,35,9,44,2.32,15.54,0.25,3.885,11.655,0.46399999999999997,11.190999999999999
1408,2025-07-03,Lyft,21,11,32,5.61,17.41,0.28,4.8748000000000005,12.5352,1.122,11.4132
1409,2025-06-02,Lyft,29,4,33,19.59,33.48,0.28,9.3744,24.105599999999995,3.918,20.187599999999996
1410,2025-06-13,Uber,21,8,29,18.43,31.08,0.25,7.77,23.31,3.686,19.624
1411,2025-07-04,Lyft,41,14,55,29.82,51.26,0.28,14.3528,36.907199999999996,5.964,30.943199999999997
1412,2025-06-18,Lyft,42,11,53,20.91,36.87,0.28,10.3236,26.5464,4.182,22.364399999999996
1413,2025-07-18,Uber,25,9,34,20.62,32.6,0.25,8.15,24.450000000000003,4.1240000000000006,20.326
1414,2025-06-11,Lyft,35,2,37,22.22,34.45,0.28,9.646000000000003,24.804000000000002,4.444,20.360000000000003
1415,2025-05-26,Uber,10,10,20,15.09,21.24,0.25,5.31,15.93,3.018,12.911999999999999
1416,2025-06-22,Uber,27,3,30,28.68,49.25,0.25,12.3125,36.9375,5.736,31.2015
1417,2025-06-16,Lyft,30,11,41,13.83,23.64,0.28,6.619200000000001,17.0208,2.766,14.254800000000001
1418,2025-05-05,Lyft,34,5,39,18.14,37.23,0.28,10.4244,26.8056,3.628,23.177599999999998
1419,2025-05-09,Uber,38,6,44,27.19,38.27,0.25,9.5675,28.7025,5.438000000000001,23.264499999999998
1420,2025-06-12,Lyft,19,2,21,18.51,34.52,0.28,9.665600000000001,24.854400000000002,3.702,21.1524
1421,2025-07-05,Lyft,27,13,40,9.08,24.06,0.28,6.736800000000001,17.3232,1.8159999999999998,15.507200000000001
1422,2025-06-29,Lyft,27,11,38,27.83,46.52,0.28,13.025600000000003,33.4944,5.565999999999999,27.9284
1423,2025-05-15,Lyft,19,14,33,10.14,20.41,0.28,5.7148,14.6952,2.028,12.6672
1424,2025-06-12,Lyft,42,3,45,24.9,40.51,0.28,11.3428,29.167199999999998,4.9799999999999995,24.187199999999997
1425,2025-05-16,Uber,33,4,37,5.41,17.93,0.25,4.4825,13.4475,1.082,12.365499999999999
1426,2025-05-05,Uber,17,15,32,28.45,36.39,0.25,9.0975,27.2925,5.6899999999999995,21.6025
1427,2025-06-04,Lyft,37,14,51,25.12,41.11,0.28,11.510800000000001,29.599199999999996,5.024000000000001,24.575199999999995
1428,2025-05-10,Lyft,41,6,47,28.97,57.96,0.28,16.228800000000003,41.7312,5.7940000000000005,35.937200000000004
1429,2025-05-22,Lyft,8,15,23,2.23,7.24,0.28,2.0272,5.2128,0.446,4.7668
1430,2025-07-09,Uber,43,8,51,11.33,27.37,0.25,6.8425,20.5275,2.266,18.261499999999998
1431,2025-05-19,Uber,34,14,48,14.01,31.86,0.25,7.965,23.895,2.8019999999999996,21.093
1432,2025-07-10,Uber,21,15,36,3.21,10.6,0.25,2.65,7.949999999999999,0.642,7.307999999999999
1433,2025-07-18,Lyft,34,3,37,21.0,38.08,0.28,10.6624,27.4176,4.2,23.2176
1434,2025-05-08,Lyft,28,9,37,12.6,22.65,0.28,6.3420000000000005,16.308,2.52,13.788
1435,2025-05-03,Uber,17,4,21,22.59,37.19,0.25,9.2975,27.8925,4.518,23.374499999999998
1436,2025-06-27,Lyft,14,5,19,20.19,31.29,0.28,8.7612,22.528799999999997,4.038,18.490799999999997
1437,2025-06-17,Uber,33,10,43,25.75,36.52,0.25,9.13,27.39,5.15,22.240000000000002
1438,2025-06-18,Uber,45,7,52,4.28,17.97,0.25,4.4925,13.4775,0.8560000000000001,12.6215
1439,2025-07-20,Lyft,37,12,49,12.27,31.02,0.28,8.6856,22.3344,2.4539999999999997,19.880399999999998
1440,2025-07-02,Lyft,5,2,7,3.98,7.64,0.28,2.1392,5.5008,0.796,4.7048
1441,2025-06-03,Uber,18,11,29,18.06,32.47,0.25,8.1175,24.3525,3.6119999999999997,20.7405
1442,2025-05-23,Lyft,6,12,18,8.91,14.38,0.28,4.026400000000001,10.3536,1.782,8.5716
1443,2025-05-12,Lyft,15,14,29,11.91,20.71,0.28,5.798800000000001,14.911200000000001,2.382,12.529200000000001
1444,2025-05-17,Uber,39,15,54,20.39,31.25,0.25,7.8125,23.4375,4.078,19.3595
1445,2025-06-22,Lyft,45,10,55,3.39,21.24,0.28,5.9472000000000005,15.292799999999998,0.6779999999999999,14.614799999999999
1446,2025-07-11,Lyft,26,12,38,16.68,34.01,0.28,9.5228,24.487199999999998,3.336,21.1512
1447,2025-07-20,Uber,38,15,53,16.74,31.52,0.25,7.88,23.64,3.348,20.292
1448,2025-06-10,Uber,43,6,49,15.73,36.26,0.25,9.065,27.195,3.146,24.049
1449,2025-07-21,Uber,5,2,7,16.03,19.97,0.25,4.9925,14.9775,3.2060000000000004,11.7715
1450,2025-07-19,Lyft,41,15,56,8.19,25.79,0.28,7.2212000000000005,18.5688,1.638,16.930799999999998
1451,2025-05-30,Uber,13,10,23,5.86,12.18,0.25,3.045,9.135,1.1720000000000002,7.962999999999999
1452,2025-06-11,Uber,20,8,28,4.5,15.73,0.25,3.9325,11.7975,0.9,10.897499999999999
1453,2025-06-04,Lyft,39,3,42,3.93,16.64,0.28,4.6592,11.9808,0.786,11.1948
1454,2025-07-02,Lyft,7,5,12,28.24,38.18,0.28,10.6904,27.4896,5.648,21.8416
1455,2025-07-12,Lyft,25,4,29,3.26,13.68,0.28,3.8304000000000005,9.849599999999999,0.6519999999999999,9.1976
1456,2025-07-17,Uber,6,13,19,9.82,14.84,0.25,3.71,11.129999999999999,1.964,9.165999999999999
1457,2025-05-11,Uber,10,6,16,13.76,23.84,0.25,5.96,17.88,2.752,15.128
1458,2025-07-15,Uber,34,11,45,26.67,36.42,0.25,9.105,27.315,5.3340000000000005,21.981
1459,2025-06-21,Uber,9,2,11,29.01,44.68,0.25,11.17,33.51,5.802,27.708
1460,2025-06-10,Uber,33,6,39,23.94,46.77,0.25,11.6925,35.0775,4.788,30.2895
1461,2025-05-04,Lyft,25,3,28,28.17,36.86,0.28,10.3208,26.5392,5.634,20.9052
1462,2025-07-22,Lyft,22,4,26,20.38,37.16,0.28,10.4048,26.755199999999995,4.076,22.679199999999994
1463,2025-07-02,Uber,33,6,39,4.24,14.44,0.25,3.61,10.83,0.8480000000000001,9.982
1464,2025-05-25,Uber,9,8,17,3.49,10.21,0.25,2.5525,7.657500000000001,0.698,6.9595
1465,2025-07-22,Lyft,10,14,24,10.75,20.87,0.28,5.843600000000001,15.026399999999999,2.15,12.876399999999999
1466,2025-06-18,Uber,22,5,27,5.01,17.06,0.25,4.265,12.794999999999998,1.002,11.792999999999997
1467,2025-05-06,Uber,15,3,18,29.11,44.9,0.25,11.225,33.675,5.822,27.852999999999998
1468,2025-05-16,Uber,34,12,46,23.17,47.06,0.25,11.765,35.295,4.634,30.661
1469,2025-07-14,Uber,6,9,15,29.67,39.52,0.25,9.88,29.64,5.934,23.706
1470,2025-06-11,Lyft,5,7,12,12.74,16.94,0.28,4.743200000000001,12.1968,2.548,9.6488
1471,2025-06-10,Uber,24,11,35,25.47,41.39,0.25,10.3475,31.0425,5.093999999999999,25.948500000000003
1472,2025-05-31,Uber,14,3,17,24.66,34.71,0.25,8.6775,26.0325,4.932,21.100499999999997
1473,2025-05-24,Uber,41,7,48,11.76,31.04,0.25,7.76,23.28,2.352,20.928
1474,2025-07-14,Lyft,38,6,44,5.51,21.34,0.28,5.975200000000001,15.364799999999999,1.1019999999999999,14.262799999999999
1475,2025-05-11,Uber,28,11,39,23.37,39.41,0.25,9.8525,29.557499999999997,4.674,24.883499999999998
1476,2025-05-24,Uber,24,5,29,12.35,26.79,0.25,6.6975,20.0925,2.4699999999999998,17.622500000000002
1477,2025-05-07,Lyft,37,11,48,8.12,21.81,0.28,6.1068,15.703199999999999,1.6239999999999997,14.0792
1478,2025-05-27,Lyft,45,4,49,18.65,38.19,0.28,10.693200000000001,27.496799999999997,3.7299999999999995,23.766799999999996
1479,2025-06-05,Uber,8,8,16,11.02,21.59,0.25,5.3975,16.1925,2.2039999999999997,13.988499999999998
1480,2025-07-21,Lyft,25,6,31,10.75,24.74,0.28,6.9272,17.8128,2.15,15.662799999999999
1481,2025-06-19,Lyft,34,7,41,20.28,35.81,0.28,10.026800000000001,25.7832,4.056,21.7272
1482,2025-07-09,Lyft,17,2,19,29.53,47.34,0.28,13.255200000000002,34.0848,5.906000000000001,28.178800000000003
1483,2025-05-26,Uber,31,4,35,13.49,23.41,0.25,5.8525,17.5575,2.698,14.8595
1484,2025-07-11,Uber,16,9,25,3.83,9.91,0.25,2.4775,7.4325,0.766,6.6665
1485,2025-06-13,Lyft,18,9,27,17.9,34.27,0.28,9.595600000000001,24.674400000000002,3.5799999999999996,21.094400000000004
1486,2025-05-10,Uber,43,3,46,16.64,33.99,0.25,8.4975,25.4925,3.3280000000000003,22.1645
1487,2025-06-22,Uber,26,7,33,5.73,18.56,0.25,4.64,13.919999999999998,1.146,12.773999999999997
1488,2025-05-23,Lyft,40,2,42,29.08,55.15,0.28,15.442000000000002,39.708,5.816,33.891999999999996
1489,2025-05-03,Uber,22,12,34,10.31,24.39,0.25,6.0975,18.2925,2.0620000000000003,16.2305
1490,2025-07-16,Lyft,8,4,12,11.33,22.01,0.28,6.162800000000001,15.8472,2.266,13.5812
1491,2025-07-05,Uber,7,5,12,11.77,22.02,0.25,5.505,16.515,2.354,14.161000000000001
1492,2025-06-30,Uber,13,3,16,9.49,17.98,0.25,4.495,13.485,1.8980000000000001,11.587
1493,2025-07-11,Uber,24,9,33,12.8,27.67,0.25,6.9175,20.7525,2.56,18.192500000000003
1494,2025-06-30,Uber,45,8,53,9.94,27.01,0.25,6.7525,20.2575,1.988,18.2695
1495,2025-05-19,Uber,16,15,31,14.7,24.71,0.25,6.1775,18.5325,2.9399999999999995,15.5925
1496,2025-07-21,Uber,45,9,54,23.35,39.96,0.25,9.99,29.97,4.67,25.299999999999997
1497,2025-05-14,Uber,29,5,34,16.47,34.3,0.25,8.575,25.724999999999998,3.2939999999999996,22.430999999999997
1498,2025-06-18,Lyft,45,8,53,12.49,26.35,0.28,7.378000000000001,18.972,2.498,16.474
1499,2025-07-11,Uber,45,8,53,24.86,39.42,0.25,9.855,29.565,4.9719999999999995,24.593000000000004
1500,2025-07-14,Uber,42,5,47,12.49,24.64,0.25,6.16,18.48,2.498,15.982
1501,2025-06-19,Lyft,20,6,26,15.85,24.54,0.28,6.8712,17.668799999999997,3.17,14.498799999999997
1502,2025-05-16,Lyft,9,2,11,20.76,27.46,0.28,7.688800000000001,19.7712,4.152,15.6192
1503,2025-05-20,Lyft,34,11,45,16.46,32.72,0.28,9.1616,23.5584,3.2920000000000003,20.266399999999997
1504,2025-06-21,Uber,8,9,17,19.68,24.24,0.25,6.06,18.18,3.936,14.244
1505,2025-06-15,Lyft,30,7,37,19.88,32.46,0.28,9.0888,23.3712,3.976,19.395200000000003
1506,2025-07-05,Uber,26,11,37,25.4,40.58,0.25,10.145,30.435,5.08,25.354999999999997
1507,2025-05-08,Lyft,15,8,23,13.53,22.3,0.28,6.244000000000001,16.056,2.706,13.350000000000001
1508,2025-07-09,Uber,5,6,11,23.53,28.79,0.25,7.1975,21.5925,4.7059999999999995,16.8865
1509,2025-06-30,Lyft,15,10,25,23.97,40.68,0.28,11.390400000000001,29.2896,4.794,24.4956
1510,2025-06-16,Lyft,23,6,29,22.42,38.57,0.28,10.799600000000002,27.7704,4.484,23.2864
1511,2025-05-20,Lyft,37,3,40,20.78,39.15,0.28,10.962000000000002,28.187999999999995,4.156000000000001,24.031999999999996
1512,2025-05-02,Uber,15,7,22,17.1,31.22,0.25,7.805,23.415,3.42,19.994999999999997
1513,2025-05-20,Uber,32,11,43,22.12,39.3,0.25,9.825,29.474999999999998,4.4239999999999995,25.051
1514,2025-05-26,Lyft,23,15,38,14.07,22.36,0.28,6.260800000000001,16.0992,2.814,13.2852
1515,2025-06-14,Uber,39,3,42,25.89,50.89,0.25,12.7225,38.167500000000004,5.178,32.98950000000001
1516,2025-05-21,Uber,15,8,23,16.66,27.69,0.25,6.9225,20.767500000000002,3.332,17.4355
1517,2025-05-25,Uber,8,3,11,20.19,30.82,0.25,7.705,23.115000000000002,4.038,19.077
1518,2025-06-23,Lyft,25,5,30,21.26,31.65,0.28,8.862,22.787999999999997,4.252000000000001,18.535999999999994
1519,2025-06-22,Lyft,25,14,39,17.62,33.06,0.28,9.256800000000002,23.8032,3.524,20.2792
1520,2025-05-01,Uber,41,10,51,24.64,36.12,0.25,9.03,27.089999999999996,4.928,22.161999999999995
1521,2025-06-28,Lyft,14,11,25,15.08,25.04,0.28,7.0112000000000005,18.028799999999997,3.016,15.012799999999997
1522,2025-05-15,Uber,33,14,47,16.81,28.91,0.25,7.2275,21.6825,3.362,18.320500000000003
1523,2025-06-07,Uber,11,14,25,20.84,32.03,0.25,8.0075,24.0225,4.168,19.8545
1524,2025-06-04,Lyft,24,5,29,26.68,34.07,0.28,9.539600000000002,24.5304,5.336,19.1944
1525,2025-07-10,Lyft,7,5,12,29.51,34.33,0.28,9.612400000000001,24.717599999999997,5.902,18.815599999999996
1526,2025-05-24,Uber,37,7,44,20.29,32.31,0.25,8.0775,24.2325,4.058,20.174500000000002
1527,2025-07-18,Lyft,17,14,31,6.8,18.08,0.28,5.0624,13.017599999999998,1.3599999999999999,11.657599999999999
1528,2025-07-09,Lyft,28,13,41,22.72,41.36,0.28,11.580800000000002,29.779199999999996,4.544,25.235199999999995
1529,2025-05-19,Uber,16,12,28,21.91,36.38,0.25,9.095,27.285000000000004,4.382,22.903000000000006
1530,2025-06-19,Lyft,27,4,31,13.45,25.85,0.28,7.238000000000001,18.612000000000002,2.69,15.922000000000002
1531,2025-07-20,Uber,7,10,17,13.59,24.21,0.25,6.0525,18.1575,2.718,15.439499999999999
1532,2025-06-18,Lyft,26,15,41,28.49,51.75,0.28,14.490000000000002,37.26,5.6979999999999995,31.561999999999998
1533,2025-06-19,Uber,37,11,48,27.25,39.39,0.25,9.8475,29.5425,5.45,24.0925
1534,2025-07-03,Uber,43,10,53,26.8,53.12,0.25,13.28,39.839999999999996,5.359999999999999,34.48
1535,2025-07-15,Lyft,7,2,9,3.73,10.15,0.28,2.8420000000000005,7.308,0.746,6.561999999999999
1536,2025-07-02,Uber,19,8,27,7.36,14.5,0.25,3.625,10.875,1.472,9.403
1537,2025-07-12,Uber,30,4,34,26.55,46.43,0.25,11.6075,34.8225,5.3100000000000005,29.512499999999996
1538,2025-06-03,Uber,41,5,46,16.07,37.6,0.25,9.4,28.200000000000003,3.214,24.986000000000004
1539,2025-06-22,Uber,29,6,35,13.11,23.6,0.25,5.9,17.700000000000003,2.622,15.078000000000003
1540,2025-07-20,Lyft,22,12,34,28.65,37.12,0.28,10.393600000000001,26.726399999999998,5.7299999999999995,20.996399999999998
1541,2025-05-10,Uber,17,4,21,5.64,16.6,0.25,4.15,12.450000000000001,1.128,11.322000000000001
1542,2025-06-28,Lyft,25,12,37,27.8,47.88,0.28,13.406400000000001,34.473600000000005,5.5600000000000005,28.913600000000002
1543,2025-05-05,Uber,45,15,60,7.04,27.13,0.25,6.7825,20.3475,1.408,18.9395
1544,2025-05-25,Uber,40,14,54,22.56,40.95,0.25,10.2375,30.712500000000002,4.512,26.2005
1545,2025-05-25,Uber,14,3,17,16.39,24.38,0.25,6.095,18.285,3.2780000000000005,15.007
1546,2025-06-19,Lyft,29,3,32,24.94,48.02,0.28,13.445600000000002,34.5744,4.9879999999999995,29.586399999999998
1547,2025-05-19,Lyft,19,3,22,3.85,13.7,0.28,3.8360000000000003,9.863999999999999,0.77,9.094
1548,2025-07-19,Lyft,7,11,18,20.64,31.17,0.28,8.7276,22.4424,4.128,18.3144
1549,2025-07-11,Uber,30,2,32,10.28,19.27,0.25,4.8175,14.4525,2.056,12.3965
1550,2025-05-16,Lyft,41,10,51,20.59,45.67,0.28,12.787600000000001,32.882400000000004,4.118,28.764400000000002
1551,2025-06-11,Uber,28,4,32,10.02,22.64,0.25,5.66,16.98,2.004,14.976
1552,2025-07-02,Lyft,9,11,20,19.24,27.02,0.28,7.565600000000001,19.4544,3.848,15.6064
1553,2025-07-20,Uber,10,11,21,23.62,33.07,0.25,8.2675,24.802500000000002,4.724,20.078500000000002
1554,2025-06-12,Lyft,10,9,19,28.52,44.03,0.28,12.328400000000002,31.7016,5.704,25.9976
1555,2025-05-22,Uber,16,13,29,8.47,16.4,0.25,4.1,12.299999999999999,1.694,10.605999999999998
1556,2025-06-27,Uber,25,14,39,2.7,11.76,0.25,2.94,8.82,0.54,8.280000000000001
1557,2025-06-30,Uber,27,7,34,22.83,37.15,0.25,9.2875,27.862499999999997,4.566,23.296499999999998
1558,2025-06-07,Lyft,39,12,51,12.62,27.67,0.28,7.747600000000001,19.9224,2.524,17.3984
1559,2025-07-15,Uber,12,12,24,3.95,9.87,0.25,2.4675,7.4025,0.79,6.6125
1560,2025-05-31,Lyft,13,2,15,8.53,19.64,0.28,5.499200000000001,14.140799999999999,1.706,12.4348
1561,2025-05-06,Uber,37,15,52,21.13,36.09,0.25,9.0225,27.067500000000003,4.225999999999999,22.841500000000003
1562,2025-07-20,Lyft,38,3,41,7.27,21.13,0.28,5.9164,15.2136,1.454,13.759599999999999
1563,2025-06-07,Lyft,9,4,13,13.72,23.45,0.28,6.566000000000001,16.884,2.744,14.14
1564,2025-05-13,Uber,7,14,21,10.59,19.25,0.25,4.8125,14.4375,2.118,12.3195
1565,2025-06-10,Lyft,14,2,16,24.29,40.63,0.28,11.376400000000002,29.2536,4.858,24.395599999999998
1566,2025-07-16,Uber,40,4,44,6.01,23.23,0.25,5.8075,17.4225,1.202,16.2205
1567,2025-05-15,Lyft,24,15,39,17.73,31.93,0.28,8.9404,22.9896,3.5460000000000003,19.4436
1568,2025-07-18,Uber,15,2,17,5.48,11.86,0.25,2.965,8.895,1.096,7.7989999999999995
1569,2025-07-11,Lyft,39,6,45,20.63,31.91,0.28,8.934800000000001,22.9752,4.1259999999999994,18.849200000000003
1570,2025-06-18,Lyft,25,15,40,26.98,45.55,0.28,12.754,32.796,5.396,27.4
1571,2025-06-13,Lyft,15,10,25,8.45,16.95,0.28,4.746,12.203999999999999,1.6899999999999997,10.514
1572,2025-05-13,Uber,12,3,15,19.54,26.92,0.25,6.73,20.19,3.9079999999999995,16.282000000000004
1573,2025-05-23,Uber,9,8,17,11.94,17.98,0.25,4.495,13.485,2.388,11.097
1574,2025-05-29,Lyft,10,13,23,23.96,36.31,0.28,10.166800000000002,26.1432,4.792,21.3512
1575,2025-07-22,Uber,39,10,49,15.8,29.63,0.25,7.4075,22.2225,3.16,19.0625
1576,2025-05-18,Uber,28,4,32,23.53,41.22,0.25,10.305,30.915,4.7059999999999995,26.209
1577,2025-05-12,Uber,13,6,19,28.92,41.51,0.25,10.3775,31.1325,5.784000000000001,25.3485
1578,2025-06-09,Lyft,29,12,41,19.22,33.85,0.28,9.478000000000002,24.372,3.8439999999999994,20.528
1579,2025-05-27,Uber,5,7,12,19.65,29.35,0.25,7.3375,22.012500000000003,3.9299999999999997,18.082500000000003
1580,2025-07-19,Lyft,10,13,23,23.15,30.55,0.28,8.554,21.996000000000002,4.629999999999999,17.366000000000003
1581,2025-05-18,Uber,32,15,47,22.59,37.73,0.25,9.4325,28.2975,4.518,23.7795
1582,2025-07-04,Uber,11,7,18,27.7,43.44,0.25,10.86,32.58,5.54,27.04
1583,2025-07-17,Uber,18,14,32,25.85,39.39,0.25,9.8475,29.5425,5.17,24.372500000000002
1584,2025-05-25,Uber,36,13,49,9.99,27.08,0.25,6.77,20.31,1.9980000000000002,18.311999999999998
1585,2025-06-03,Lyft,9,5,14,11.19,20.17,0.28,5.647600000000001,14.522400000000001,2.238,12.284400000000002
1586,2025-07-16,Uber,41,12,53,27.72,44.14,0.25,11.035,33.105000000000004,5.544,27.561000000000003
1587,2025-06-19,Lyft,44,3,47,26.77,43.14,0.28,12.079200000000002,31.0608,5.353999999999999,25.7068
1588,2025-07-19,Uber,35,15,50,27.78,53.04,0.25,13.26,39.78,5.556,34.224000000000004
1589,2025-05-28,Lyft,12,9,21,6.92,16.98,0.28,4.7544,12.2256,1.384,10.8416
1590,2025-05-14,Uber,32,13,45,14.84,26.65,0.25,6.6625,19.987499999999997,2.968,17.019499999999997
1591,2025-07-15,Uber,14,13,27,4.04,11.01,0.25,2.7525,8.2575,0.808,7.4495000000000005
1592,2025-07-08,Uber,40,6,46,13.9,30.67,0.25,7.6675,23.0025,2.7800000000000002,20.2225
1593,2025-06-25,Lyft,36,8,44,4.19,18.89,0.28,5.289200000000001,13.6008,0.8380000000000001,12.762799999999999
1594,2025-06-21,Uber,32,13,45,15.63,30.14,0.25,7.535,22.605,3.1260000000000003,19.479
1595,2025-07-20,Uber,45,10,55,12.37,28.8,0.25,7.2,21.6,2.4739999999999998,19.126
1596,2025-05-27,Uber,18,4,22,11.06,24.51,0.25,6.1275,18.3825,2.2119999999999997,16.1705
1597,2025-07-12,Uber,29,6,35,14.76,33.66,0.25,8.415,25.244999999999997,2.952,22.293
1598,2025-06-18,Uber,39,3,42,24.61,36.12,0.25,9.03,27.089999999999996,4.922,22.167999999999996
1599,2025-06-02,Lyft,11,15,26,4.08,10.17,0.28,2.8476000000000004,7.3224,0.8160000000000001,6.5064
1600,2025-05-28,Uber,34,12,46,13.63,29.45,0.25,7.3625,22.0875,2.726,19.3615
1601,2025-05-09,Uber,38,11,49,27.85,53.53,0.25,13.3825,40.1475,5.57,34.5775
1602,2025-05-02,Lyft,43,12,55,8.45,20.65,0.28,5.782,14.867999999999999,1.6899999999999997,13.177999999999999
1603,2025-07-17,Uber,39,8,47,8.85,25.58,0.25,6.395,19.185,1.7699999999999998,17.415
1604,2025-07-12,Uber,35,14,49,22.55,38.38,0.25,9.595,28.785000000000004,4.51,24.275000000000006
1605,2025-06-08,Lyft,45,13,58,26.61,41.92,0.28,11.737600000000002,30.1824,5.321999999999999,24.860400000000002
1606,2025-07-10,Lyft,38,9,47,3.41,14.89,0.28,4.169200000000001,10.7208,0.682,10.0388
1607,2025-07-11,Lyft,6,2,8,5.42,12.93,0.28,3.6204,9.3096,1.084,8.2256
1608,2025-06-20,Lyft,37,6,43,16.39,36.16,0.28,10.1248,26.035199999999996,3.2780000000000005,22.757199999999997
1609,2025-07-20,Uber,24,12,36,17.5,29.21,0.25,7.3025,21.9075,3.5,18.4075
1610,2025-05-16,Uber,9,4,13,6.21,14.57,0.25,3.6425,10.9275,1.242,9.685500000000001
1611,2025-05-19,Lyft,22,2,24,27.35,36.01,0.28,10.0828,25.9272,5.470000000000001,20.4572
1612,2025-05-24,Lyft,9,2,11,23.56,32.54,0.28,9.1112,23.4288,4.712,18.7168
1613,2025-05-14,Uber,12,4,16,21.89,26.79,0.25,6.6975,20.0925,4.378,15.714500000000001
1614,2025-07-02,Uber,25,11,36,19.45,34.24,0.25,8.56,25.68,3.8899999999999997,21.79
1615,2025-06-30,Lyft,16,15,31,21.42,29.4,0.28,8.232000000000001,21.168,4.284000000000001,16.884
1616,2025-07-08,Uber,38,14,52,3.25,18.81,0.25,4.7025,14.107499999999998,0.65,13.457499999999998
1617,2025-06-25,Uber,14,13,27,21.84,33.97,0.25,8.4925,25.4775,4.368,21.109499999999997
1618,2025-06-28,Lyft,31,8,39,3.49,14.61,0.28,4.090800000000001,10.519199999999998,0.698,9.821199999999997
1619,2025-05-22,Uber,31,3,34,18.46,35.06,0.25,8.765,26.295,3.692,22.603
1620,2025-07-11,Uber,26,15,41,18.34,28.28,0.25,7.07,21.21,3.668,17.542
1621,2025-05-20,Uber,20,10,30,13.54,22.41,0.25,5.6025,16.8075,2.7079999999999997,14.0995
1622,2025-06-19,Lyft,43,9,52,27.81,54.14,0.28,15.159200000000002,38.9808,5.561999999999999,33.418800000000005
1623,2025-05-08,Lyft,6,14,20,28.5,43.27,0.28,12.115600000000002,31.154400000000003,5.7,25.454400000000003
1624,2025-06-13,Lyft,40,9,49,27.2,46.22,0.28,12.941600000000001,33.2784,5.4399999999999995,27.8384
1625,2025-06-25,Lyft,5,6,11,10.95,16.43,0.28,4.6004000000000005,11.8296,2.19,9.6396
1626,2025-05-02,Lyft,18,4,22,10.31,21.36,0.28,5.9808,15.379199999999999,2.0620000000000003,13.3172
1627,2025-06-14,Lyft,29,14,43,18.24,34.5,0.28,9.66,24.84,3.6479999999999997,21.192
1628,2025-06-29,Uber,13,5,18,26.5,36.03,0.25,9.0075,27.0225,5.3,21.7225
1629,2025-05-04,Uber,38,11,49,11.14,24.06,0.25,6.015,18.044999999999998,2.228,15.816999999999998
1630,2025-06-30,Lyft,30,4,34,15.44,33.62,0.28,9.4136,24.206399999999995,3.088,21.118399999999994
1631,2025-07-02,Lyft,15,4,19,14.17,20.44,0.28,5.723200000000001,14.7168,2.8339999999999996,11.8828
1632,2025-07-02,Lyft,25,3,28,13.89,24.54,0.28,6.8712,17.668799999999997,2.778,14.890799999999997
1633,2025-06-03,Uber,21,3,24,14.36,24.55,0.25,6.1375,18.4125,2.872,15.540500000000002
1634,2025-05-18,Lyft,13,15,28,12.06,18.17,0.28,5.087600000000001,13.0824,2.412,10.6704
1635,2025-07-08,Uber,28,12,40,4.24,12.88,0.25,3.22,9.66,0.8480000000000001,8.812
1636,2025-05-05,Uber,30,14,44,18.04,36.33,0.25,9.0825,27.2475,3.6079999999999997,23.639499999999998
1637,2025-05-16,Lyft,45,8,53,5.53,23.08,0.28,6.4624,16.6176,1.1059999999999999,15.5116
1638,2025-06-11,Uber,18,7,25,3.93,14.09,0.25,3.5225,10.567499999999999,0.786,9.7815
1639,2025-06-28,Uber,27,8,35,17.55,34.62,0.25,8.655,25.964999999999996,3.51,22.455
1640,2025-05-31,Uber,36,15,51,4.08,19.77,0.25,4.9425,14.8275,0.8160000000000001,14.0115
1641,2025-07-04,Lyft,22,10,32,11.16,25.33,0.28,7.0924000000000005,18.237599999999997,2.232,16.005599999999998
1642,2025-05-03,Lyft,22,7,29,25.73,39.65,0.28,11.102,28.548,5.146000000000001,23.401999999999997
1643,2025-05-10,Lyft,34,12,46,24.59,35.97,0.28,10.0716,25.8984,4.918,20.9804
1644,2025-05-29,Uber,22,10,32,12.38,21.13,0.25,5.2825,15.8475,2.476,13.371500000000001
1645,2025-07-05,Lyft,17,2,19,10.39,22.38,0.28,6.2664,16.113599999999998,2.0780000000000003,14.035599999999999
1646,2025-05-29,Lyft,29,4,33,11.3,21.85,0.28,6.118000000000001,15.732,2.2600000000000002,13.472
1647,2025-06-15,Lyft,44,6,50,7.52,22.14,0.28,6.199200000000001,15.9408,1.504,14.4368
1648,2025-06-03,Uber,12,2,14,20.48,29.4,0.25,7.35,22.049999999999997,4.096,17.953999999999997
1649,2025-06-29,Lyft,33,15,48,6.51,22.47,0.28,6.2916,16.1784,1.302,14.8764
1650,2025-05-06,Uber,6,11,17,13.66,21.46,0.25,5.365,16.095,2.732,13.363
1651,2025-05-11,Lyft,24,2,26,21.91,30.22,0.28,8.4616,21.758399999999998,4.382,17.376399999999997
1652,2025-05-07,Lyft,39,3,42,17.23,33.62,0.28,9.4136,24.206399999999995,3.446,20.760399999999994
1653,2025-06-30,Lyft,40,2,42,9.08,27.24,0.28,7.6272,19.6128,1.8159999999999998,17.7968
1654,2025-06-23,Lyft,28,8,36,20.88,36.25,0.28,10.15,26.1,4.176,21.924
1655,2025-05-16,Lyft,41,2,43,18.88,38.96,0.28,10.908800000000001,28.0512,3.776,24.2752
1656,2025-07-19,Uber,8,8,16,19.9,25.21,0.25,6.3025,18.9075,3.9799999999999995,14.927499999999998
1657,2025-06-17,Lyft,20,9,29,22.52,29.05,0.28,8.134,20.916,4.504,16.412
1658,2025-07-15,Uber,40,12,52,11.04,30.3,0.25,7.575,22.725,2.2079999999999997,20.517000000000003
1659,2025-05-30,Lyft,42,15,57,29.67,47.89,0.28,13.409200000000002,34.4808,5.934,28.5468
1660,2025-05-29,Lyft,10,2,12,16.91,29.12,0.28,8.1536,20.9664,3.3819999999999997,17.584400000000002
1661,2025-06-11,Uber,30,7,37,18.44,38.05,0.25,9.5125,28.537499999999998,3.688,24.8495
1662,2025-06-04,Lyft,29,9,38,21.73,38.54,0.28,10.7912,27.7488,4.346,23.4028
1663,2025-06-17,Lyft,15,6,21,20.82,28.1,0.28,7.868000000000001,20.232,4.164,16.067999999999998
1664,2025-06-04,Lyft,13,3,16,16.31,23.12,0.28,6.473600000000001,16.6464,3.2619999999999996,13.3844
1665,2025-07-18,Lyft,5,10,15,12.02,16.07,0.28,4.499600000000001,11.5704,2.404,9.1664
1666,2025-05-07,Lyft,39,7,46,10.42,22.19,0.28,6.213200000000001,15.9768,2.084,13.892800000000001
1667,2025-05-23,Uber,38,8,46,11.9,25.15,0.25,6.2875,18.862499999999997,2.38,16.482499999999998
1668,2025-06-08,Uber,7,5,12,2.93,6.88,0.25,1.72,5.16,0.5860000000000001,4.574
1669,2025-07-08,Uber,20,4,24,17.41,27.64,0.25,6.91,20.73,3.482,17.248
1670,2025-07-05,Uber,33,3,36,3.38,17.9,0.25,4.475,13.424999999999999,0.6759999999999999,12.748999999999999
1671,2025-06-14,Lyft,6,4,10,16.11,21.28,0.28,5.958400000000001,15.3216,3.2219999999999995,12.0996
1672,2025-06-01,Lyft,38,10,48,28.88,43.38,0.28,12.146400000000002,31.233600000000003,5.776,25.457600000000003
1673,2025-06-21,Uber,45,15,60,24.98,48.68,0.25,12.17,36.51,4.996,31.513999999999996
1674,2025-05-08,Lyft,15,14,29,24.52,36.37,0.28,10.1836,26.1864,4.904,21.2824
1675,2025-06-24,Uber,18,8,26,19.61,26.77,0.25,6.6925,20.0775,3.9219999999999997,16.1555
1676,2025-06-03,Lyft,35,4,39,29.03,42.9,0.28,12.012,30.887999999999998,5.806,25.081999999999997
1677,2025-05-17,Lyft,38,2,40,23.15,39.68,0.28,11.1104,28.5696,4.629999999999999,23.939600000000002
1678,2025-07-14,Lyft,14,9,23,14.42,26.26,0.28,7.352800000000001,18.9072,2.884,16.0232
1679,2025-07-14,Uber,24,10,34,8.61,16.43,0.25,4.1075,12.3225,1.722,10.6005
1680,2025-06-20,Lyft,43,5,48,18.11,35.39,0.28,9.9092,25.480800000000002,3.622,21.858800000000002
1681,2025-06-30,Uber,22,2,24,22.94,38.01,0.25,9.5025,28.5075,4.588,23.9195
1682,2025-06-23,Uber,18,2,20,25.04,38.44,0.25,9.61,28.83,5.008,23.822
1683,2025-07-14,Lyft,41,14,55,26.43,53.33,0.28,14.932400000000001,38.3976,5.286,33.111599999999996
1684,2025-05-12,Lyft,33,2,35,20.86,38.52,0.28,10.785600000000002,27.7344,4.172,23.5624
1685,2025-05-26,Uber,10,4,14,26.07,36.04,0.25,9.01,27.03,5.214,21.816000000000003
1686,2025-05-30,Uber,33,9,42,11.01,25.75,0.25,6.4375,19.3125,2.202,17.110500000000002
1687,2025-05-27,Lyft,10,9,19,10.11,15.22,0.28,4.2616000000000005,10.958400000000001,2.022,8.9364
1688,2025-05-16,Uber,14,3,17,18.67,30.33,0.25,7.5825,22.7475,3.7340000000000004,19.013499999999997
1689,2025-05-27,Uber,45,4,49,11.7,31.32,0.25,7.83,23.490000000000002,2.34,21.150000000000002
1690,2025-06-04,Lyft,11,7,18,28.72,41.12,0.28,11.5136,29.606399999999997,5.744,23.862399999999997
1691,2025-06-07,Uber,27,14,41,28.71,44.4,0.25,11.1,33.3,5.742,27.557999999999996
1692,2025-05-12,Uber,31,9,40,28.98,39.74,0.25,9.935,29.805,5.795999999999999,24.009
1693,2025-07-09,Uber,10,11,21,27.27,32.4,0.25,8.1,24.299999999999997,5.454,18.845999999999997
1694,2025-05-13,Uber,29,6,35,25.31,38.15,0.25,9.5375,28.612499999999997,5.061999999999999,23.5505
1695,2025-06-13,Uber,28,6,34,3.4,13.39,0.25,3.3475,10.0425,0.6799999999999999,9.3625
1696,2025-05-17,Lyft,20,4,24,7.54,16.83,0.28,4.7124,12.1176,1.508,10.6096
1697,2025-05-13,Lyft,36,4,40,23.04,39.35,0.28,11.018,28.332,4.608,23.724
1698,2025-07-08,Lyft,6,14,20,9.32,15.89,0.28,4.4492,11.4408,1.864,9.576799999999999
1699,2025-07-13,Uber,41,12,53,9.83,26.99,0.25,6.7475,20.2425,1.966,18.2765
1700,2025-05-25,Uber,12,4,16,17.55,23.85,0.25,5.9625,17.887500000000003,3.51,14.377500000000003
1701,2025-07-13,Uber,14,6,20,28.13,41.33,0.25,10.3325,30.9975,5.6259999999999994,25.371499999999997
1702,2025-06-11,Uber,32,14,46,28.85,50.41,0.25,12.6025,37.8075,5.7700000000000005,32.037499999999994
1703,2025-05-14,Uber,11,7,18,9.37,17.0,0.25,4.25,12.75,1.8739999999999997,10.876000000000001
1704,2025-07-22,Uber,13,13,26,14.44,21.49,0.25,5.3725,16.1175,2.888,13.2295
1705,2025-05-16,Uber,34,10,44,24.35,38.38,0.25,9.595,28.785000000000004,4.87,23.915000000000003
1706,2025-05-01,Uber,13,12,25,29.7,47.12,0.25,11.78,35.339999999999996,5.9399999999999995,29.4
1707,2025-06-16,Uber,45,3,48,2.05,20.14,0.25,5.035,15.105,0.4099999999999999,14.695
1708,2025-05-12,Lyft,9,14,23,28.61,46.96,0.28,13.148800000000001,33.8112,5.7219999999999995,28.089199999999998
1709,2025-07-16,Lyft,26,10,36,24.63,37.58,0.28,10.522400000000001,27.057599999999997,4.925999999999999,22.1316
1710,2025-07-17,Lyft,18,2,20,22.23,39.58,0.28,11.0824,28.4976,4.446,24.0516
1711,2025-05-02,Uber,31,6,37,17.56,35.41,0.25,8.8525,26.557499999999997,3.5119999999999996,23.045499999999997
1712,2025-05-03,Uber,36,9,45,5.03,18.51,0.25,4.6275,13.8825,1.006,12.8765
1713,2025-07-21,Uber,18,13,31,5.57,15.18,0.25,3.795,11.385,1.114,10.270999999999999
1714,2025-07-16,Uber,35,11,46,15.81,27.9,0.25,6.975,20.924999999999997,3.162,17.762999999999998
1715,2025-06-13,Uber,19,3,22,4.81,14.28,0.25,3.57,10.709999999999999,0.962,9.748
1716,2025-06-21,Lyft,32,13,45,2.27,15.1,0.28,4.228000000000001,10.872,0.45399999999999996,10.418
1717,2025-06-03,Lyft,44,7,51,16.63,35.87,0.28,10.0436,25.8264,3.3259999999999996,22.5004
1718,2025-06-29,Lyft,16,8,24,24.42,36.19,0.28,10.1332,26.056799999999996,4.884,21.172799999999995
1719,2025-05-09,Lyft,27,6,33,16.26,30.5,0.28,8.540000000000001,21.96,3.2520000000000002,18.708000000000002
1720,2025-05-20,Lyft,22,13,35,6.95,15.88,0.28,4.446400000000001,11.4336,1.3900000000000001,10.0436
1721,2025-07-18,Lyft,10,7,17,24.12,38.12,0.28,10.6736,27.446399999999997,4.824,22.6224
1722,2025-07-13,Uber,45,4,49,17.63,42.3,0.25,10.575,31.724999999999998,3.526,28.198999999999998
1723,2025-07-13,Uber,22,6,28,27.86,49.15,0.25,12.2875,36.8625,5.572,31.290499999999998
1724,2025-05-12,Lyft,37,12,49,5.37,17.51,0.28,4.902800000000001,12.6072,1.074,11.5332
1725,2025-07-15,Lyft,9,5,14,12.56,23.31,0.28,6.526800000000001,16.783199999999997,2.5120000000000005,14.271199999999997
1726,2025-06-13,Uber,33,11,44,28.43,51.08,0.25,12.77,38.31,5.686,32.624
1727,2025-06-20,Lyft,16,8,24,24.48,33.31,0.28,9.326800000000002,23.9832,4.896,19.0872
1728,2025-05-01,Lyft,13,10,23,20.85,27.58,0.28,7.7224,19.857599999999998,4.17,15.687599999999998
1729,2025-07-18,Lyft,44,3,47,17.87,30.62,0.28,8.5736,22.0464,3.5740000000000003,18.472399999999997
1730,2025-06-24,Uber,38,9,47,5.18,21.57,0.25,5.3925,16.177500000000002,1.036,15.141500000000002
1731,2025-05-03,Lyft,19,6,25,27.23,40.9,0.28,11.452,29.448,5.446,24.002000000000002
1732,2025-05-11,Uber,18,5,23,2.31,10.68,0.25,2.67,8.01,0.462,7.548
1733,2025-05-03,Uber,25,15,40,6.66,19.34,0.25,4.835,14.504999999999999,1.332,13.172999999999998
1734,2025-05-13,Uber,17,10,27,21.55,31.09,0.25,7.7725,23.3175,4.3100000000000005,19.0075
1735,2025-06-02,Lyft,33,3,36,21.82,33.81,0.28,9.466800000000001,24.343200000000003,4.364,19.979200000000002
1736,2025-07-05,Lyft,10,14,24,2.38,7.15,0.28,2.0020000000000002,5.148,0.476,4.672
1737,2025-07-10,Lyft,35,6,41,28.52,54.87,0.28,15.3636,39.5064,5.704,33.8024
1738,2025-06-02,Lyft,38,4,42,2.89,17.14,0.28,4.799200000000001,12.3408,0.5780000000000001,11.7628
1739,2025-05-25,Lyft,14,14,28,7.18,14.93,0.28,4.180400000000001,10.7496,1.436,9.3136
1740,2025-06-06,Uber,11,15,26,25.64,41.35,0.25,10.3375,31.012500000000003,5.128,25.884500000000003
1741,2025-05-19,Lyft,12,3,15,16.92,30.75,0.28,8.610000000000001,22.14,3.3840000000000003,18.756
1742,2025-05-14,Lyft,11,12,23,12.79,24.97,0.28,6.9916,17.9784,2.558,15.4204
1743,2025-05-28,Uber,24,15,39,10.33,25.5,0.25,6.375,19.125,2.066,17.059
1744,2025-07-01,Uber,42,14,56,22.22,39.3,0.25,9.825,29.474999999999998,4.444,25.031
1745,2025-05-06,Uber,32,10,42,26.44,39.4,0.25,9.85,29.549999999999997,5.288,24.261999999999997
1746,2025-07-08,Lyft,32,9,41,14.87,31.95,0.28,8.946000000000002,23.003999999999998,2.9739999999999998,20.029999999999998
1747,2025-06-21,Lyft,45,12,57,26.77,48.41,0.28,13.5548,34.855199999999996,5.353999999999999,29.501199999999997
1748,2025-05-04,Lyft,7,6,13,10.15,16.15,0.28,4.522,11.627999999999998,2.0300000000000002,9.597999999999999
1749,2025-05-10,Lyft,11,9,20,8.84,19.34,0.28,5.4152000000000005,13.9248,1.768,12.156799999999999
1750,2025-06-22,Lyft,26,7,33,3.06,15.49,0.28,4.3372,11.1528,0.612,10.540799999999999
1751,2025-05-24,Uber,9,9,18,3.5,9.58,0.25,2.395,7.1850000000000005,0.7,6.485
1752,2025-06-16,Lyft,20,9,29,13.71,26.26,0.28,7.352800000000001,18.9072,2.742,16.1652
1753,2025-05-18,Uber,35,5,40,23.86,37.66,0.25,9.415,28.244999999999997,4.772,23.473
1754,2025-07-21,Lyft,31,13,44,27.78,42.05,0.28,11.774000000000001,30.275999999999996,5.556,24.719999999999995
1755,2025-05-31,Uber,25,12,37,21.53,38.39,0.25,9.5975,28.7925,4.306,24.4865
1756,2025-05-27,Uber,23,3,26,15.69,32.92,0.25,8.23,24.69,3.138,21.552
1757,2025-07-22,Uber,43,15,58,27.91,49.06,0.25,12.265,36.795,5.582,31.213
1758,2025-06-04,Uber,25,14,39,2.31,11.26,0.25,2.815,8.445,0.462,7.9830000000000005
1759,2025-06-08,Lyft,24,4,28,16.44,29.66,0.28,8.3048,21.3552,3.2880000000000003,18.0672
1760,2025-06-16,Lyft,24,13,37,4.26,15.85,0.28,4.438000000000001,11.411999999999999,0.852,10.559999999999999
1761,2025-06-10,Lyft,41,6,47,3.2,20.06,0.28,5.6168000000000005,14.443199999999997,0.64,13.803199999999997
1762,2025-05-09,Lyft,37,10,47,25.47,47.73,0.28,13.3644,34.3656,5.093999999999999,29.2716
1763,2025-06-22,Lyft,11,7,18,25.71,31.68,0.28,8.8704,22.8096,5.1419999999999995,17.6676
1764,2025-06-12,Uber,28,6,34,21.41,30.3,0.25,7.575,22.725,4.282,18.443
1765,2025-07-12,Uber,5,4,9,8.38,12.74,0.25,3.185,9.555,1.6760000000000002,7.879
1766,2025-06-10,Uber,24,5,29,12.69,20.74,0.25,5.185,15.555,2.538,13.017
1767,2025-07-02,Uber,25,15,40,4.74,17.05,0.25,4.2625,12.787500000000001,0.948,11.839500000000001
1768,2025-06-02,Uber,19,2,21,22.14,31.4,0.25,7.85,23.549999999999997,4.428,19.121999999999996
1769,2025-07-14,Lyft,29,14,43,27.35,51.62,0.28,14.4536,37.166399999999996,5.470000000000001,31.696399999999997
1770,2025-05-26,Uber,20,6,26,4.58,13.76,0.25,3.44,10.32,0.9159999999999999,9.404
1771,2025-05-21,Uber,22,13,35,16.55,27.73,0.25,6.9325,20.7975,3.31,17.4875
1772,2025-06-13,Lyft,13,3,16,9.18,15.48,0.28,4.3344000000000005,11.1456,1.8359999999999999,9.3096
1773,2025-06-20,Lyft,6,4,10,11.98,16.51,0.28,4.622800000000001,11.8872,2.396,9.4912
1774,2025-05-11,Lyft,44,14,58,11.45,26.01,0.28,7.282800000000001,18.7272,2.29,16.4372
1775,2025-05-19,Uber,21,10,31,4.73,11.74,0.25,2.935,8.805,0.9460000000000001,7.859
1776,2025-05-03,Lyft,14,14,28,20.95,26.91,0.28,7.534800000000001,19.3752,4.1899999999999995,15.1852
1777,2025-07-07,Uber,17,8,25,12.44,23.91,0.25,5.9775,17.9325,2.488,15.444500000000001
1778,2025-07-21,Uber,42,8,50,28.55,45.79,0.25,11.4475,34.3425,5.710000000000001,28.6325
1779,2025-06-10,Uber,22,12,34,16.62,32.49,0.25,8.1225,24.3675,3.324,21.0435
1780,2025-05-31,Uber,29,9,38,23.85,32.4,0.25,8.1,24.299999999999997,4.7700000000000005,19.529999999999998
1781,2025-06-17,Lyft,15,13,28,14.85,25.2,0.28,7.056,18.144,2.9699999999999998,15.174
1782,2025-05-07,Uber,6,7,13,9.02,16.42,0.25,4.105,12.315000000000001,1.8039999999999998,10.511000000000001
1783,2025-07-13,Uber,43,9,52,25.11,51.34,0.25,12.835,38.505,5.022,33.483000000000004
1784,2025-06-09,Lyft,26,2,28,11.05,26.83,0.28,7.5124,19.3176,2.21,17.107599999999998
1785,2025-06-09,Lyft,11,4,15,20.61,35.01,0.28,9.8028,25.2072,4.122,21.0852
1786,2025-06-09,Lyft,13,4,17,19.6,27.17,0.28,7.6076000000000015,19.5624,3.92,15.6424
1787,2025-06-06,Lyft,31,10,41,29.54,39.95,0.28,11.186000000000002,28.764000000000003,5.9079999999999995,22.856
1788,2025-07-13,Lyft,5,12,17,7.8,15.15,0.28,4.242000000000001,10.908,1.56,9.347999999999999
1789,2025-06-15,Uber,22,4,26,20.99,31.34,0.25,7.835,23.505,4.1979999999999995,19.307
1790,2025-07-22,Uber,5,11,16,18.9,25.1,0.25,6.275,18.825000000000003,3.78,15.045000000000003
1791,2025-06-23,Uber,32,8,40,17.09,36.01,0.25,9.0025,27.0075,3.4179999999999997,23.5895
1792,2025-05-19,Lyft,36,13,49,17.88,32.06,0.28,8.9768,23.0832,3.5759999999999996,19.5072
1793,2025-07-08,Lyft,7,15,22,22.05,30.98,0.28,8.6744,22.3056,4.41,17.895599999999998
1794,2025-06-19,Uber,18,11,29,14.33,28.21,0.25,7.0525,21.1575,2.866,18.2915
1795,2025-06-30,Uber,22,15,37,22.72,35.65,0.25,8.9125,26.737499999999997,4.544,22.193499999999997
1796,2025-06-20,Lyft,31,6,37,3.71,13.11,0.28,3.6708000000000003,9.4392,0.742,8.697199999999999
1797,2025-06-19,Uber,21,9,30,27.22,47.65,0.25,11.9125,35.7375,5.443999999999999,30.293499999999998
1798,2025-07-01,Lyft,38,2,40,18.66,39.05,0.28,10.934000000000001,28.115999999999996,3.732,24.383999999999997
1799,2025-06-04,Uber,40,10,50,7.05,18.86,0.25,4.715,14.145,1.41,12.735
1800,2025-07-18,Uber,7,10,17,12.79,16.71,0.25,4.1775,12.5325,2.558,9.9745
1801,2025-05-05,Lyft,36,9,45,2.88,18.36,0.28,5.1408000000000005,13.219199999999999,0.576,12.643199999999998
1802,2025-05-31,Uber,40,13,53,5.27,21.95,0.25,5.4875,16.4625,1.0539999999999998,15.408499999999998
1803,2025-05-24,Lyft,12,15,27,29.34,48.19,0.28,13.4932,34.696799999999996,5.868,28.828799999999994
1804,2025-05-06,Lyft,43,7,50,21.68,35.96,0.28,10.068800000000001,25.891199999999998,4.336,21.5552
1805,2025-07-08,Lyft,18,5,23,8.63,16.53,0.28,4.628400000000001,11.9016,1.7260000000000002,10.1756
1806,2025-06-16,Lyft,30,3,33,24.35,42.67,0.28,11.947600000000001,30.7224,4.87,25.8524
1807,2025-05-07,Lyft,28,7,35,25.35,46.66,0.28,13.0648,33.5952,5.07,28.525199999999998
1808,2025-06-10,Lyft,19,6,25,26.23,35.85,0.28,10.038000000000002,25.811999999999998,5.246,20.565999999999995
1809,2025-05-03,Lyft,25,15,40,28.75,41.21,0.28,11.538800000000002,29.6712,5.75,23.9212
1810,2025-07-14,Uber,15,5,20,11.16,17.08,0.25,4.27,12.809999999999999,2.232,10.578
1811,2025-06-12,Lyft,35,15,50,14.23,25.93,0.28,7.260400000000001,18.6696,2.846,15.823599999999999
1812,2025-06-27,Uber,37,4,41,13.37,25.42,0.25,6.355,19.065,2.6739999999999995,16.391000000000002
1813,2025-06-07,Lyft,22,3,25,22.14,33.28,0.28,9.3184,23.9616,4.428,19.5336
1814,2025-06-13,Lyft,27,11,38,12.17,28.48,0.28,7.974400000000001,20.5056,2.434,18.0716
1815,2025-05-07,Lyft,17,4,21,17.53,30.73,0.28,8.604400000000002,22.1256,3.5060000000000002,18.6196
1816,2025-05-17,Uber,21,3,24,29.7,51.38,0.25,12.845,38.535000000000004,5.9399999999999995,32.595000000000006
1817,2025-05-30,Uber,45,9,54,25.3,46.14,0.25,11.535,34.605000000000004,5.0600000000000005,29.545
1818,2025-05-22,Uber,9,8,17,19.97,27.67,0.25,6.9175,20.7525,3.9939999999999998,16.7585
1819,2025-06-03,Uber,9,14,23,2.03,8.25,0.25,2.0625,6.1875,0.4059999999999999,5.7815
1820,2025-07-14,Uber,44,7,51,22.66,43.38,0.25,10.845,32.535000000000004,4.532,28.003000000000004
1821,2025-05-26,Lyft,28,6,34,22.59,31.01,0.28,8.682800000000002,22.327199999999998,4.518,17.809199999999997
1822,2025-05-01,Uber,42,11,53,9.88,23.03,0.25,5.7575,17.2725,1.976,15.296500000000002
1823,2025-06-30,Uber,27,11,38,3.01,12.97,0.25,3.2425,9.727500000000001,0.602,9.1255
1824,2025-06-14,Uber,17,15,32,14.02,23.07,0.25,5.7675,17.302500000000002,2.804,14.498500000000002
1825,2025-06-16,Lyft,7,7,14,11.41,21.31,0.28,5.9668,15.3432,2.282,13.0612
1826,2025-05-26,Uber,7,2,9,27.09,43.58,0.25,10.895,32.685,5.418,27.267000000000003
1827,2025-07-01,Uber,14,12,26,24.56,39.15,0.25,9.7875,29.362499999999997,4.911999999999999,24.450499999999998
1828,2025-05-07,Uber,43,14,57,3.09,15.6,0.25,3.9,11.7,0.618,11.081999999999999
1829,2025-07-07,Lyft,45,6,51,16.29,31.38,0.28,8.7864,22.5936,3.258,19.3356
1830,2025-05-27,Lyft,39,7,46,27.78,42.98,0.28,12.0344,30.9456,5.556,25.389599999999998
1831,2025-07-18,Lyft,33,11,44,13.69,28.26,0.28,7.912800000000002,20.3472,2.7379999999999995,17.6092
1832,2025-06-25,Uber,44,4,48,24.92,42.34,0.25,10.585,31.755000000000003,4.984,26.771
1833,2025-06-16,Uber,31,8,39,27.18,52.01,0.25,13.0025,39.0075,5.436,33.5715
1834,2025-06-15,Uber,17,15,32,18.16,25.31,0.25,6.3275,18.982499999999998,3.6319999999999997,15.350499999999998
1835,2025-05-09,Lyft,38,15,53,27.55,43.97,0.28,12.3116,31.6584,5.51,26.148400000000002
1836,2025-05-09,Lyft,6,5,11,26.22,30.54,0.28,8.5512,21.988799999999998,5.244,16.744799999999998
1837,2025-07-17,Uber,35,12,47,26.63,38.82,0.25,9.705,29.115000000000002,5.326,23.789
1838,2025-06-14,Lyft,32,11,43,3.43,17.06,0.28,4.7768,12.283199999999999,0.686,11.597199999999999
1839,2025-05-03,Uber,39,7,46,3.12,16.81,0.25,4.2025,12.607499999999998,0.624,11.983499999999998
1840,2025-05-31,Uber,28,13,41,4.2,13.12,0.25,3.28,9.84,0.8400000000000001,9.0
1841,2025-05-30,Lyft,6,6,12,28.71,43.5,0.28,12.180000000000001,31.32,5.742,25.578
1842,2025-05-17,Lyft,33,7,40,8.9,23.85,0.28,6.678000000000001,17.172,1.7800000000000002,15.392
1843,2025-07-16,Uber,45,9,54,24.71,50.64,0.25,12.66,37.980000000000004,4.942,33.038000000000004
1844,2025-07-13,Lyft,37,9,46,29.09,56.22,0.28,15.741600000000002,40.47839999999999,5.818,34.660399999999996
1845,2025-07-19,Lyft,35,4,39,14.31,28.72,0.28,8.0416,20.678399999999996,2.862,17.816399999999994
1846,2025-06-07,Uber,27,2,29,12.41,28.24,0.25,7.06,21.18,2.4819999999999998,18.698
1847,2025-07-10,Uber,19,8,27,19.55,28.37,0.25,7.0925,21.2775,3.91,17.3675
1848,2025-05-31,Uber,11,4,15,23.73,28.3,0.25,7.075,21.225,4.746,16.479
1849,2025-06-17,Uber,30,4,34,26.75,43.56,0.25,10.89,32.67,5.35,27.32
1850,2025-06-06,Uber,29,12,41,8.51,20.17,0.25,5.0425,15.127500000000001,1.702,13.425500000000001
1851,2025-06-01,Lyft,37,8,45,5.73,21.36,0.28,5.9808,15.379199999999999,1.146,14.2332
1852,2025-06-25,Lyft,14,9,23,18.45,31.73,0.28,8.884400000000001,22.845599999999997,3.69,19.155599999999996
1853,2025-07-02,Uber,18,11,29,12.56,20.37,0.25,5.0925,15.2775,2.5120000000000005,12.7655
1854,2025-05-24,Lyft,28,8,36,12.59,25.21,0.28,7.058800000000001,18.1512,2.518,15.633199999999999
1855,2025-05-04,Uber,8,14,22,22.15,35.45,0.25,8.8625,26.587500000000002,4.43,22.157500000000002
1856,2025-05-26,Uber,35,3,38,6.25,21.81,0.25,5.4525,16.357499999999998,1.25,15.107499999999998
1857,2025-07-05,Uber,10,2,12,16.65,27.5,0.25,6.875,20.625,3.3299999999999996,17.295
1858,2025-07-08,Uber,44,14,58,2.99,19.08,0.25,4.77,14.309999999999999,0.5980000000000001,13.711999999999998
1859,2025-05-08,Lyft,37,12,49,20.7,42.08,0.28,11.7824,30.297599999999996,4.14,26.157599999999995
1860,2025-05-21,Uber,44,5,49,25.75,53.48,0.25,13.37,40.11,5.15,34.96
1861,2025-06-29,Uber,7,10,17,19.99,26.59,0.25,6.6475,19.9425,3.9979999999999993,15.9445
1862,2025-05-14,Uber,44,5,49,13.5,36.8,0.25,9.2,27.599999999999998,2.7,24.9
1863,2025-06-02,Uber,6,9,15,12.13,18.97,0.25,4.7425,14.2275,2.426,11.801499999999999
1864,2025-06-09,Uber,41,15,56,27.31,43.57,0.25,10.8925,32.6775,5.462,27.215500000000002
1865,2025-07-14,Uber,44,15,59,27.89,47.58,0.25,11.895,35.685,5.578,30.107000000000003
1866,2025-05-24,Uber,28,7,35,7.29,18.51,0.25,4.6275,13.8825,1.4580000000000002,12.4245
1867,2025-05-25,Lyft,38,13,51,7.63,19.25,0.28,5.390000000000001,13.86,1.526,12.334
1868,2025-05-19,Uber,38,2,40,2.9,18.25,0.25,4.5625,13.6875,0.58,13.1075
1869,2025-05-18,Uber,19,2,21,25.79,41.02,0.25,10.255,30.765,5.1579999999999995,25.607
1870,2025-06-20,Uber,41,14,55,26.94,43.46,0.25,10.865,32.595,5.388,27.207
1871,2025-05-04,Uber,35,7,42,11.89,22.08,0.25,5.52,16.56,2.378,14.181999999999999
1872,2025-07-18,Lyft,35,3,38,3.09,15.01,0.28,4.202800000000001,10.807199999999998,0.618,10.189199999999998
1873,2025-07-09,Uber,6,2,8,23.96,36.5,0.25,9.125,27.375,4.792,22.583
1874,2025-05-20,Uber,17,3,20,5.33,12.5,0.25,3.125,9.375,1.0659999999999998,8.309000000000001
1875,2025-06-28,Lyft,32,5,37,22.24,32.86,0.28,9.200800000000001,23.6592,4.4479999999999995,19.211199999999998
1876,2025-07-21,Uber,22,4,26,16.97,28.5,0.25,7.125,21.375,3.394,17.981
1877,2025-06-18,Uber,33,15,48,10.47,26.46,0.25,6.615,19.845,2.0940000000000003,17.750999999999998
1878,2025-05-12,Uber,32,14,46,5.96,15.42,0.25,3.855,11.565,1.192,10.373
1879,2025-06-23,Lyft,14,13,27,15.85,28.08,0.28,7.8624,20.217599999999997,3.17,17.047599999999996
1880,2025-07-20,Uber,33,9,42,21.35,44.13,0.25,11.0325,33.097500000000004,4.2700000000000005,28.827500000000004
1881,2025-05-10,Lyft,44,9,53,17.47,40.61,0.28,11.370800000000001,29.239199999999997,3.4939999999999998,25.745199999999997
1882,2025-07-02,Uber,19,10,29,18.48,34.15,0.25,8.5375,25.612499999999997,3.696,21.916499999999996
1883,2025-06-27,Lyft,12,8,20,25.61,36.63,0.28,10.256400000000001,26.373600000000003,5.122,21.251600000000003
1884,2025-05-03,Lyft,14,3,17,22.43,28.03,0.28,7.848400000000001,20.1816,4.486,15.695599999999999
1885,2025-06-23,Uber,16,13,29,13.79,22.45,0.25,5.6125,16.8375,2.758,14.0795
1886,2025-06-08,Uber,28,2,30,11.73,21.87,0.25,5.4675,16.4025,2.346,14.0565
1887,2025-05-09,Uber,13,7,20,15.97,25.8,0.25,6.45,19.35,3.194,16.156000000000002
1888,2025-06-17,Uber,26,5,31,12.1,26.37,0.25,6.5925,19.7775,2.42,17.3575
1889,2025-07-18,Uber,9,14,23,6.55,13.78,0.25,3.445,10.334999999999999,1.31,9.024999999999999
1890,2025-07-14,Lyft,45,3,48,24.63,49.14,0.28,13.759200000000002,35.3808,4.925999999999999,30.454800000000002
1891,2025-07-09,Uber,9,15,24,22.93,38.5,0.25,9.625,28.875,4.586,24.289
1892,2025-05-08,Lyft,20,5,25,29.31,45.12,0.28,12.633600000000001,32.486399999999996,5.862,26.624399999999994
1893,2025-05-02,Lyft,18,15,33,13.25,26.6,0.28,7.448000000000001,19.152,2.65,16.502000000000002
1894,2025-05-30,Lyft,11,15,26,21.48,28.23,0.28,7.904400000000001,20.3256,4.296,16.029600000000002
1895,2025-07-07,Uber,23,11,34,2.07,9.84,0.25,2.46,7.38,0.414,6.966
1896,2025-07-04,Uber,14,10,24,6.88,16.93,0.25,4.2325,12.6975,1.376,11.3215
1897,2025-06-19,Uber,14,8,22,8.01,18.83,0.25,4.7075,14.122499999999999,1.6019999999999999,12.520499999999998
1898,2025-07-13,Lyft,10,15,25,17.25,30.4,0.28,8.512,21.887999999999998,3.45,18.438
1899,2025-07-07,Lyft,27,13,40,7.32,15.89,0.28,4.4492,11.4408,1.464,9.976799999999999
1900,2025-06-01,Uber,44,11,55,3.66,18.38,0.25,4.595,13.785,0.732,13.053
1901,2025-07-19,Uber,42,7,49,26.39,45.1,0.25,11.275,33.825,5.2780000000000005,28.547000000000004
1902,2025-07-13,Uber,23,9,32,10.07,21.71,0.25,5.4275,16.2825,2.0140000000000002,14.2685
1903,2025-07-14,Uber,10,6,16,29.58,43.74,0.25,10.935,32.805,5.916,26.889
1904,2025-05-27,Lyft,13,6,19,13.27,18.65,0.28,5.222,13.427999999999997,2.654,10.773999999999997
1905,2025-05-16,Uber,36,14,50,26.98,42.35,0.25,10.5875,31.762500000000003,5.396,26.366500000000002
1906,2025-07-19,Uber,9,4,13,16.8,24.42,0.25,6.105,18.315,3.3600000000000003,14.955000000000002
1907,2025-05-06,Lyft,42,14,56,6.08,20.94,0.28,5.863200000000001,15.0768,1.216,13.860800000000001
1908,2025-07-11,Uber,10,9,19,12.4,19.7,0.25,4.925,14.774999999999999,2.48,12.294999999999998
1909,2025-07-09,Uber,34,3,37,5.78,20.29,0.25,5.0725,15.2175,1.1560000000000001,14.061499999999999
1910,2025-06-10,Lyft,12,14,26,6.21,12.83,0.28,3.5924000000000005,9.2376,1.242,7.9956000000000005
1911,2025-07-03,Uber,14,14,28,24.87,40.93,0.25,10.2325,30.697499999999998,4.974,25.723499999999998
1912,2025-06-06,Lyft,19,10,29,21.95,33.44,0.28,9.3632,24.0768,4.39,19.686799999999998
1913,2025-05-26,Uber,28,11,39,21.37,34.5,0.25,8.625,25.875,4.274,21.601
1914,2025-05-02,Uber,39,12,51,3.17,19.13,0.25,4.7825,14.3475,0.6339999999999999,13.7135
1915,2025-05-18,Lyft,19,2,21,20.56,31.97,0.28,8.951600000000001,23.0184,4.112,18.906399999999998
1916,2025-06-10,Lyft,21,12,33,6.69,18.31,0.28,5.1268,13.1832,1.338,11.845199999999998
1917,2025-07-10,Uber,33,2,35,14.32,27.05,0.25,6.7625,20.2875,2.864,17.4235
1918,2025-06-01,Uber,36,7,43,25.83,42.45,0.25,10.6125,31.837500000000002,5.1659999999999995,26.6715
1919,2025-05-31,Lyft,40,8,48,10.2,26.44,0.28,7.403200000000001,19.0368,2.04,16.9968
1920,2025-05-07,Uber,11,14,25,29.31,38.22,0.25,9.555,28.665,5.862,22.802999999999997
1921,2025-05-07,Uber,23,5,28,8.37,22.45,0.25,5.6125,16.8375,1.674,15.163499999999999
1922,2025-07-06,Uber,18,12,30,15.01,21.55,0.25,5.3875,16.1625,3.002,13.160500000000003
1923,2025-05-23,Lyft,29,8,37,6.63,21.73,0.28,6.0844000000000005,15.6456,1.326,14.3196
1924,2025-06-19,Uber,9,14,23,22.84,37.46,0.25,9.365,28.095,4.568,23.527
1925,2025-06-13,Uber,15,10,25,10.56,20.44,0.25,5.11,15.330000000000002,2.112,13.218000000000002
1926,2025-06-02,Uber,42,8,50,6.99,23.53,0.25,5.8825,17.6475,1.3980000000000001,16.2495
1927,2025-05-26,Uber,8,9,17,26.4,30.19,0.25,7.5475,22.642500000000002,5.279999999999999,17.362500000000004
1928,2025-05-21,Uber,18,14,32,20.7,33.73,0.25,8.4325,25.2975,4.14,21.1575
1929,2025-05-23,Uber,34,6,40,6.35,21.03,0.25,5.2575,15.7725,1.27,14.502500000000001
1930,2025-07-18,Uber,18,8,26,7.06,17.64,0.25,4.41,13.23,1.412,11.818000000000001
1931,2025-07-02,Lyft,41,13,54,27.74,43.62,0.28,12.2136,31.406399999999998,5.548,25.858399999999996
1932,2025-05-19,Uber,20,15,35,14.04,24.88,0.25,6.22,18.66,2.808,15.852
1933,2025-06-14,Lyft,40,11,51,25.09,49.19,0.28,13.773200000000001,35.416799999999995,5.018,30.398799999999994
1934,2025-05-09,Uber,37,5,42,23.71,42.03,0.25,10.5075,31.5225,4.742,26.7805
1935,2025-05-20,Lyft,7,8,15,16.14,25.8,0.28,7.224000000000001,18.576,3.228,15.348
1936,2025-06-08,Lyft,35,11,46,20.03,39.0,0.28,10.920000000000002,28.08,4.006,24.073999999999998
1937,2025-05-23,Lyft,18,10,28,26.57,37.15,0.28,10.402000000000001,26.747999999999998,5.314,21.433999999999997
1938,2025-06-29,Lyft,31,11,42,21.19,40.94,0.28,11.4632,29.476799999999997,4.238,25.238799999999998
1939,2025-07-04,Lyft,7,8,15,16.19,22.63,0.28,6.3364,16.293599999999998,3.2380000000000004,13.055599999999998
1940,2025-06-26,Uber,28,6,34,20.49,37.74,0.25,9.435,28.305,4.098,24.207
1941,2025-05-14,Lyft,23,14,37,29.91,40.6,0.28,11.368000000000002,29.232,5.982,23.25
1942,2025-06-08,Lyft,23,13,36,14.99,31.98,0.28,8.954400000000001,23.025599999999997,2.998,20.027599999999996
1943,2025-05-25,Lyft,32,3,35,23.71,46.93,0.28,13.140400000000001,33.7896,4.742,29.0476
1944,2025-05-07,Lyft,6,11,17,12.37,21.61,0.28,6.050800000000001,15.559199999999999,2.4739999999999998,13.085199999999999
1945,2025-07-18,Uber,25,14,39,5.84,16.15,0.25,4.0375,12.112499999999999,1.168,10.9445
1946,2025-05-12,Lyft,41,6,47,10.91,23.89,0.28,6.6892000000000005,17.2008,2.182,15.0188
1947,2025-06-03,Lyft,12,5,17,20.66,26.68,0.28,7.470400000000001,19.2096,4.132,15.077599999999999
1948,2025-05-25,Uber,6,10,16,12.9,17.88,0.25,4.47,13.41,2.58,10.83
1949,2025-06-28,Uber,21,10,31,17.47,29.76,0.25,7.44,22.32,3.4939999999999998,18.826
1950,2025-07-08,Lyft,43,6,49,21.18,35.29,0.28,9.881200000000002,25.4088,4.236,21.1728
1951,2025-05-25,Uber,22,11,33,13.01,23.85,0.25,5.9625,17.887500000000003,2.602,15.285500000000003
1952,2025-07-09,Lyft,31,3,34,23.44,46.39,0.28,12.989200000000002,33.4008,4.688000000000001,28.712799999999994
1953,2025-05-30,Lyft,24,9,33,22.36,36.55,0.28,10.234,26.315999999999995,4.4719999999999995,21.843999999999994
1954,2025-05-05,Lyft,43,12,55,3.46,17.09,0.28,4.785200000000001,12.3048,0.692,11.6128
1955,2025-06-16,Uber,12,10,22,16.21,25.01,0.25,6.2525,18.7575,3.242,15.5155
1956,2025-06-01,Uber,7,6,13,7.52,12.94,0.25,3.235,9.705,1.504,8.201
1957,2025-06-16,Lyft,14,7,21,22.49,39.13,0.28,10.956400000000002,28.1736,4.497999999999999,23.675600000000003
1958,2025-05-28,Lyft,42,14,56,28.11,52.88,0.28,14.806400000000002,38.0736,5.622,32.4516
1959,2025-07-21,Uber,30,15,45,18.77,28.72,0.25,7.18,21.54,3.7539999999999996,17.786
1960,2025-06-15,Uber,30,2,32,2.35,14.15,0.25,3.5375,10.6125,0.47,10.1425
1961,2025-05-17,Uber,26,12,38,14.81,30.36,0.25,7.59,22.77,2.9619999999999997,19.808
1962,2025-05-08,Lyft,16,9,25,17.11,28.48,0.28,7.974400000000001,20.5056,3.4219999999999997,17.0836
1963,2025-06-08,Lyft,26,4,30,25.31,47.18,0.28,13.210400000000002,33.9696,5.061999999999999,28.907600000000002
1964,2025-07-14,Uber,15,8,23,10.47,20.56,0.25,5.14,15.419999999999998,2.0940000000000003,13.325999999999997
1965,2025-05-10,Lyft,41,9,50,3.51,17.43,0.28,4.880400000000001,12.549599999999998,0.702,11.847599999999998
1966,2025-05-16,Uber,37,6,43,9.05,26.6,0.25,6.65,19.950000000000003,1.81,18.140000000000004
1967,2025-05-30,Lyft,13,12,25,25.33,40.27,0.28,11.275600000000003,28.9944,5.065999999999999,23.9284
1968,2025-06-20,Lyft,9,14,23,6.43,11.2,0.28,3.136,8.064,1.286,6.7780000000000005
1969,2025-06-10,Lyft,34,3,37,9.43,23.51,0.28,6.582800000000001,16.9272,1.886,15.0412
1970,2025-06-20,Uber,34,8,42,25.38,50.51,0.25,12.6275,37.8825,5.076,32.8065
1971,2025-05-30,Lyft,26,4,30,26.86,43.17,0.28,12.087600000000002,31.0824,5.372,25.7104
1972,2025-05-11,Lyft,44,11,55,27.98,42.24,0.28,11.827200000000001,30.4128,5.596,24.8168
1973,2025-07-20,Lyft,20,2,22,3.91,11.64,0.28,3.2592000000000003,8.3808,0.782,7.598800000000001
1974,2025-07-22,Uber,21,8,29,5.29,14.39,0.25,3.5975,10.7925,1.058,9.7345
1975,2025-06-05,Lyft,22,14,36,10.9,22.8,0.28,6.384000000000001,16.416,2.18,14.236
1976,2025-07-08,Uber,15,10,25,2.32,8.46,0.25,2.115,6.345000000000001,0.46399999999999997,5.881
1977,2025-05-04,Lyft,18,7,25,18.85,34.73,0.28,9.7244,25.005599999999998,3.7700000000000005,21.235599999999998
1978,2025-05-11,Uber,32,9,41,9.59,25.31,0.25,6.3275,18.982499999999998,1.9180000000000001,17.0645
1979,2025-06-20,Uber,45,5,50,17.3,38.72,0.25,9.68,29.04,3.46,25.58
1980,2025-05-21,Lyft,6,11,17,27.4,36.93,0.28,10.3404,26.589599999999997,5.4799999999999995,21.109599999999997
1981,2025-06-11,Uber,6,2,8,20.36,32.61,0.25,8.1525,24.4575,4.072,20.3855
1982,2025-05-23,Uber,31,13,44,2.86,12.25,0.25,3.0625,9.1875,0.572,8.6155
1983,2025-05-07,Uber,9,5,14,4.16,9.66,0.25,2.415,7.245,0.8320000000000001,6.413
1984,2025-05-30,Uber,22,2,24,28.61,46.31,0.25,11.5775,34.7325,5.7219999999999995,29.0105
1985,2025-05-20,Uber,20,2,22,5.53,14.34,0.25,3.585,10.754999999999999,1.1059999999999999,9.649
1986,2025-06-15,Uber,40,9,49,24.71,42.23,0.25,10.5575,31.6725,4.942,26.7305
1987,2025-07-13,Lyft,22,15,37,16.35,27.98,0.28,7.8344000000000005,20.1456,3.2700000000000005,16.875600000000002
1988,2025-05-30,Lyft,16,15,31,12.22,23.2,0.28,6.496,16.704,2.444,14.260000000000002
1989,2025-06-13,Uber,38,10,48,27.9,40.84,0.25,10.21,30.630000000000003,5.58,25.050000000000004
1990,2025-05-10,Uber,36,11,47,5.43,21.47,0.25,5.3675,16.1025,1.0859999999999999,15.016499999999999
1991,2025-07-11,Lyft,37,9,46,5.11,16.49,0.28,4.6172,11.872799999999998,1.022,10.850799999999998
1992,2025-06-05,Lyft,6,2,8,17.48,25.63,0.28,7.1764,18.453599999999998,3.496,14.957599999999998
1993,2025-06-28,Lyft,34,12,46,18.51,33.45,0.28,9.366000000000001,24.084000000000003,3.702,20.382000000000005
1994,2025-05-25,Uber,13,4,17,23.04,32.52,0.25,8.13,24.39,4.608,19.782
1995,2025-06-19,Lyft,44,11,55,17.25,39.52,0.28,11.065600000000002,28.4544,3.45,25.0044
1996,2025-06-23,Lyft,33,7,40,2.72,17.68,0.28,4.9504,12.7296,0.544,12.185599999999999
1997,2025-07-19,Lyft,21,6,27,22.02,30.31,0.28,8.4868,21.8232,4.404,17.4192
1998,2025-05-12,Uber,36,3,39,7.2,18.12,0.25,4.53,13.59,1.44,12.15
1999,2025-07-21,Uber,18,8,26,21.79,32.42,0.25,8.105,24.315,4.358,19.957
